fid,paper,A_milne,B_success,C_dlin,A+C,B+C
1,300.00000000000006,300.00000000000006,300.00000000000006,300.0002252751768,300.0000054508056,300.0000919026423
2,413.7352533156162,409.29879463110353,408.98021650733506,413.5923067937801,409.78897324455636,412.53796762726927
3,600.0007286230326,600.0000000000001,600.0000000000001,600.0007286366812,600.0000000001472,600.0000000019064
4,879.7866171355379,890.0166666666667,863.2666666666667,879.7666748017673,890.0166666672708,862.7333333719296
5,902.1503579165542,902.3884131796858,901.8084851750334,902.1563525890423,902.3842110983215,901.8064586936629
6,24123.905699841016,24126.271925573437,13990.489976528126,36971.580059536485,32046.507722603208,24073.041629705192
7,2071.7641980927087,2082.556634753759,2068.6188288033804,2077.370809383709,2086.9403736634927,2068.956251269387
8,2314.476504752759,2318.894632869301,2253.91649121722,2387.0599272779677,2511.0613505128063,2280.0963935016553
9,2668.86501090844,2673.7959070976435,2633.140975416231,2668.868863362447,2676.6083242608884,2632.886310534813
10,2913.8692559757965,2903.5446814449674,2844.5344540023566,2914.3697664334227,2901.177822024807,2844.419935059076
11,2782.4353291404786,2785.613422172469,2780.3761292461686,2783.1377977074467,2786.367827069399,2779.5317170828193
12,2892.234074248949,2885.166056264134,2883.8232114729894,2891.541373009715,2886.4582872375336,2884.0660380471045
