fid,paper,asabmo,p,sign
1,300.00000000000006,300.00000000000006,0.4715173690329556,=
2,413.7352533156162,408.9802165073351,0.18375038105484576,=
3,600.0007286230326,600.0,0.2364458643636258,=
4,879.7866171355379,863.2666666666667,0.0434930646215178,+
5,902.1503579165542,901.8084851750333,0.10705564357097558,=
6,24123.90569984102,13990.489976528126,0.006097142345173947,+
7,2071.7641980927087,2068.618828803381,0.8302552839111963,=
8,2314.476504752759,2253.9164912172196,0.026077477308078682,+
9,2668.8650109084406,2633.140975416231,0.8864882610361635,=
10,2913.869255975796,2844.534454002357,0.34028846509891686,=
11,2782.4353291404786,2780.376129246168,0.9108399803654749,=
12,2892.234074248949,2883.82321147299,0.6048336340779281,=
