config,fid,dim,seed,f
paper,1,10,2026,300.0000000000001
paper,1,10,2027,300.00000000000006
paper,1,10,2028,300.0
paper,1,10,2029,300.0000000000001
paper,1,10,2030,300.00000000000006
paper,1,10,2031,300.00000000000006
paper,1,10,2032,300.00000000000045
paper,1,10,2033,300.0000000000004
paper,1,10,2034,300.0
paper,1,10,2035,300.0
paper,1,10,2036,300.00000000000006
paper,1,10,2037,300.00000000000006
paper,1,10,2038,300.00000000000006
paper,1,10,2039,300.00000000000006
paper,1,10,2040,300.00000000000006
paper,1,10,2041,300.00000000000006
paper,1,10,2042,300.00000000000006
paper,1,10,2043,300.00000000000006
paper,1,10,2044,300.00000000000006
paper,1,10,2045,300.00000000000006
paper,1,10,2046,300.00000000000006
paper,1,10,2047,300.00000000000006
paper,1,10,2048,300.00000000000017
paper,1,10,2049,300.0
paper,1,10,2050,300.00000000000006
paper,1,10,2051,300.00000000000006
paper,1,10,2052,300.0
paper,1,10,2053,300.00000000000006
paper,1,10,2054,300.00000000000006
paper,1,10,2055,300.00000000000006
paper,2,10,2026,419.46166079670735
paper,2,10,2027,481.01451428719275
paper,2,10,2028,408.91610192778137
paper,2,10,2029,407.55412198466735
paper,2,10,2030,408.9161019277813
paper,2,10,2031,408.91610192778137
paper,2,10,2032,408.2412761992644
paper,2,10,2033,404.37457815153647
paper,2,10,2034,408.91610192778137
paper,2,10,2035,408.9161019277813
paper,2,10,2036,480.2204500250819
paper,2,10,2037,408.00232488628467
paper,2,10,2038,408.00232488628467
paper,2,10,2039,407.55412198466723
paper,2,10,2040,407.5541219846673
paper,2,10,2041,408.9161019277813
paper,2,10,2042,400.04855037072264
paper,2,10,2043,404.68100445832397
paper,2,10,2044,407.5541219846673
paper,2,10,2045,408.91610192778137
paper,2,10,2046,408.91610192778137
paper,2,10,2047,404.5891434512528
paper,2,10,2048,408.00232488628467
paper,2,10,2049,408.0023248862848
paper,2,10,2050,419.46166079670735
paper,2,10,2051,408.9161019277813
paper,2,10,2052,404.24666538642924
paper,2,10,2053,419.4616607967074
paper,2,10,2054,419.4616607967074
paper,2,10,2055,404.3240691180119
paper,3,10,2026,600.0
paper,3,10,2027,600.0000000000001
paper,3,10,2028,600.0000000000001
paper,3,10,2029,600.0000000000001
paper,3,10,2030,600.0
paper,3,10,2031,600.0
paper,3,10,2032,600.0000000000001
paper,3,10,2033,600.0000000000002
paper,3,10,2034,600.0000000000001
paper,3,10,2035,600.0
paper,3,10,2036,600.0000000000002
paper,3,10,2037,600.0000000000001
paper,3,10,2038,600.0
paper,3,10,2039,600.0000000000001
paper,3,10,2040,600.021858690976
paper,3,10,2041,600.0000000000001
paper,3,10,2042,600.0000000000001
paper,3,10,2043,600.0000000000001
paper,3,10,2044,600.0000000000001
paper,3,10,2045,600.0000000000001
paper,3,10,2046,600.0000000000001
paper,3,10,2047,600.0000000000001
paper,3,10,2048,600.0
paper,3,10,2049,600.0
paper,3,10,2050,600.0
paper,3,10,2051,600.0000000000001
paper,3,10,2052,600.0000000000001
paper,3,10,2053,600.0000000000002
paper,3,10,2054,600.0
paper,3,10,2055,600.0000000000001
paper,4,10,2026,876.0000000000001
paper,4,10,2027,870.0
paper,4,10,2028,906.0
paper,4,10,2029,830.0
paper,4,10,2030,860.0
paper,4,10,2031,876.0
paper,4,10,2032,862.0
paper,4,10,2033,844.0
paper,4,10,2034,892.0
paper,4,10,2035,904.5
paper,4,10,2036,874.0
paper,4,10,2037,908.0
paper,4,10,2038,900.0
paper,4,10,2039,902.0
paper,4,10,2040,994.5
paper,4,10,2041,838.0
paper,4,10,2042,852.0000000000206
paper,4,10,2043,886.0000000000463
paper,4,10,2044,886.0
paper,4,10,2045,886.0
paper,4,10,2046,850.0
paper,4,10,2047,828.5985140660695
paper,4,10,2048,868.0
paper,4,10,2049,932.0
paper,4,10,2050,890.0
paper,4,10,2051,858.0
paper,4,10,2052,948.0
paper,4,10,2053,840.0
paper,4,10,2054,872.0000000000001
paper,4,10,2055,860.0000000000005
paper,5,10,2026,905.1790387796941
paper,5,10,2027,903.3425238972992
paper,5,10,2028,901.3629720557733
paper,5,10,2029,900.5438522690107
paper,5,10,2030,900.5438522690075
paper,5,10,2031,901.3629720557738
paper,5,10,2032,900.6333805194245
paper,5,10,2033,903.8239637498741
paper,5,10,2034,901.3629720557744
paper,5,10,2035,900.5438522690081
paper,5,10,2036,902.7910076699401
paper,5,10,2037,901.3629720557733
paper,5,10,2038,903.0907187242367
paper,5,10,2039,900.9981762876001
paper,5,10,2040,902.6580645436267
paper,5,10,2041,904.5005762954648
paper,5,10,2042,902.5791359090135
paper,5,10,2043,905.1910659222075
paper,5,10,2044,900.9981762875998
paper,5,10,2045,903.7630514639602
paper,5,10,2046,904.9638049324849
paper,5,10,2047,902.2200749613155
paper,5,10,2048,900.5438522690076
paper,5,10,2049,901.7277466680338
paper,5,10,2050,903.0672775354585
paper,5,10,2051,900.9981762876034
paper,5,10,2052,902.2715989370434
paper,5,10,2053,900.5438522690083
paper,5,10,2054,901.0877045380147
paper,5,10,2055,900.4543240185917
paper,6,10,2026,4227.798566084848
paper,6,10,2027,35547.16429864828
paper,6,10,2028,37016.52438226076
paper,6,10,2029,24294.03031510482
paper,6,10,2030,11980.895271986832
paper,6,10,2031,30033.323154846228
paper,6,10,2032,18855.055066727262
paper,6,10,2033,11625.48828413174
paper,6,10,2034,13722.928733095703
paper,6,10,2035,37253.8931041519
paper,6,10,2036,21573.79211368921
paper,6,10,2037,25791.91486437912
paper,6,10,2038,60810.71453487376
paper,6,10,2039,3023.2146381880975
paper,6,10,2040,23479.577225579706
paper,6,10,2041,6594.409500214705
paper,6,10,2042,37841.29447449324
paper,6,10,2043,21961.23722438855
paper,6,10,2044,16928.97658597367
paper,6,10,2045,19411.20304490527
paper,6,10,2046,8619.039986288917
paper,6,10,2047,39009.803657233155
paper,6,10,2048,37793.166734641796
paper,6,10,2049,2446.762349897625
paper,6,10,2050,4178.044778046578
paper,6,10,2051,31496.39288898958
paper,6,10,2052,19102.037249492103
paper,6,10,2053,27574.779868640668
paper,6,10,2054,38123.859342115094
paper,6,10,2055,53399.848756161235
paper,7,10,2026,2129.9744422941108
paper,7,10,2027,2036.9191179565787
paper,7,10,2028,2121.7027779441087
paper,7,10,2029,2020.9980941190688
paper,7,10,2030,2028.4596623454545
paper,7,10,2031,2021.0082467398527
paper,7,10,2032,2130.0782392461956
paper,7,10,2033,2142.7524290928377
paper,7,10,2034,2036.9172888328324
paper,7,10,2035,2032.934670068663
paper,7,10,2036,2028.9882424452285
paper,7,10,2037,2025.046957506005
paper,7,10,2038,2025.4744767507284
paper,7,10,2039,2128.4880780480007
paper,7,10,2040,2124.8740608208386
paper,7,10,2041,2021.529587048455
paper,7,10,2042,2122.8382655610085
paper,7,10,2043,2134.544335365796
paper,7,10,2044,2119.7908809358582
paper,7,10,2045,2123.5449877040323
paper,7,10,2046,2031.9513578156211
paper,7,10,2047,2093.9412668781424
paper,7,10,2048,2027.9678665938509
paper,7,10,2049,2024.9751489511289
paper,7,10,2050,2023.5205107178797
paper,7,10,2051,2023.9868232739689
paper,7,10,2052,2020.4517646075235
paper,7,10,2053,2092.6334383561507
paper,7,10,2054,2133.3775455093346
paper,7,10,2055,2123.255379252012
paper,8,10,2026,2225.8332860128244
paper,8,10,2027,2224.0601478758567
paper,8,10,2028,2227.600213424685
paper,8,10,2029,2229.4203552023305
paper,8,10,2030,2224.376010380724
paper,8,10,2031,2633.526329746745
paper,8,10,2032,2792.0587575386853
paper,8,10,2033,2221.740717288142
paper,8,10,2034,2374.8518362640916
paper,8,10,2035,2223.0384921414884
paper,8,10,2036,2633.8558251968702
paper,8,10,2037,2232.801330352083
paper,8,10,2038,2223.298059894681
paper,8,10,2039,2227.8482160982717
paper,8,10,2040,2625.398233453884
paper,8,10,2041,2227.3457283435346
paper,8,10,2042,2868.474101138106
paper,8,10,2043,2222.9927696269738
paper,8,10,2044,2321.967395410087
paper,8,10,2045,2221.809901081856
paper,8,10,2046,2227.7864721388573
paper,8,10,2047,2221.963659396178
paper,8,10,2048,2230.4725937639646
paper,8,10,2049,2223.251211891306
paper,8,10,2050,2222.282399979963
paper,8,10,2051,2221.2361069542626
paper,8,10,2052,2224.1808875001534
paper,8,10,2053,2225.3000397654746
paper,8,10,2054,2233.511525218959
paper,8,10,2055,2222.0125395017235
paper,9,10,2026,2664.5424327561936
paper,9,10,2027,2664.542432756237
paper,9,10,2028,2670.1079759592362
paper,9,10,2029,2680.2399340601673
paper,9,10,2030,2659.192805180872
paper,9,10,2031,2664.542432756198
paper,9,10,2032,2670.1079759592353
paper,9,10,2033,2659.094344780362
paper,9,10,2034,2745.150975628985
paper,9,10,2035,2669.8598037236393
paper,9,10,2036,2670.1079759592353
paper,9,10,2037,2659.192805180871
paper,9,10,2038,2659.1928051808736
paper,9,10,2039,3009.253523078217
paper,9,10,2040,2670.1079759592353
paper,9,10,2041,2659.094344780362
paper,9,10,2042,2666.9081428773247
paper,9,10,2043,2670.107975959236
paper,9,10,2044,2670.1079759592353
paper,9,10,2045,2669.8598037236397
paper,9,10,2046,2670.1079759592353
paper,9,10,2047,2665.4704608157463
paper,9,10,2048,2670.107975959236
paper,9,10,2049,2670.107975959236
paper,9,10,2050,2670.107975959236
paper,9,10,2051,2300.0000000000005
paper,9,10,2052,2659.1928051808814
paper,9,10,2053,2670.107975959236
paper,9,10,2054,2680.2399340601687
paper,9,10,2055,2659.192805180878
paper,10,10,2026,2790.4968725491817
paper,10,10,2027,2627.499669698344
paper,10,10,2028,2627.4551401880926
paper,10,10,2029,2774.5413952287863
paper,10,10,2030,2639.0640631227684
paper,10,10,2031,3819.7917929517657
paper,10,10,2032,3798.005685795494
paper,10,10,2033,3401.901293458678
paper,10,10,2034,2623.4583752683384
paper,10,10,2035,2630.0919752144946
paper,10,10,2036,2629.004783679984
paper,10,10,2037,2773.8801077825447
paper,10,10,2038,2789.3509963169554
paper,10,10,2039,3925.903923451965
paper,10,10,2040,2626.238277187683
paper,10,10,2041,3978.7179578621517
paper,10,10,2042,2748.869401633963
paper,10,10,2043,2789.3036842906295
paper,10,10,2044,2801.9321945761562
paper,10,10,2045,2630.1223216424482
paper,10,10,2046,2624.948932557184
paper,10,10,2047,2626.839441765484
paper,10,10,2048,2627.9412459542514
paper,10,10,2049,2750.691964085196
paper,10,10,2050,2765.5241628604763
paper,10,10,2051,2748.4387279109305
paper,10,10,2052,2620.8726497489806
paper,10,10,2053,2641.9918602145067
paper,10,10,2054,2774.0185671932254
paper,10,10,2055,3809.180215083228
paper,11,10,2026,2600.000000000001
paper,11,10,2027,2600.0000000000014
paper,11,10,2028,2600.000000000001
paper,11,10,2029,2623.430847476241
paper,11,10,2030,3482.358323785087
paper,11,10,2031,2623.9222538008617
paper,11,10,2032,2600.0000000000005
paper,11,10,2033,2600.0000000000005
paper,11,10,2034,2600.0000000000014
paper,11,10,2035,3476.7184285022477
paper,11,10,2036,2626.6029638806194
paper,11,10,2037,3476.4586435692113
paper,11,10,2038,2600.0000000000005
paper,11,10,2039,2622.425596245957
paper,11,10,2040,2626.9643063946532
paper,11,10,2041,2621.323537199976
paper,11,10,2042,2600.0000000000014
paper,11,10,2043,3476.9932872993895
paper,11,10,2044,3477.4162110683774
paper,11,10,2045,2600.000000000001
paper,11,10,2046,3476.9932888958847
paper,11,10,2047,2600.0000000000005
paper,11,10,2048,2600.000000000001
paper,11,10,2049,2622.26893986593
paper,11,10,2050,2619.709831682203
paper,11,10,2051,2600.0000000000014
paper,11,10,2052,2600.000000000001
paper,11,10,2053,2600.0000000000005
paper,11,10,2054,2600.0000000000005
paper,11,10,2055,2619.4734145477164
paper,12,10,2026,2867.952271745226
paper,12,10,2027,2949.2697470512007
paper,12,10,2028,2866.4229005601715
paper,12,10,2029,2868.8441534534313
paper,12,10,2030,2946.045999241783
paper,12,10,2031,2872.5962265829417
paper,12,10,2032,2868.8632306853874
paper,12,10,2033,2878.155964900379
paper,12,10,2034,2866.479792446135
paper,12,10,2035,2866.8306894406346
paper,12,10,2036,2870.4750042562005
paper,12,10,2037,2871.2746527165496
paper,12,10,2038,2866.724202338427
paper,12,10,2039,2873.4053903608574
paper,12,10,2040,2868.832304869537
paper,12,10,2041,2871.5812125725156
paper,12,10,2042,2868.442324033986
paper,12,10,2043,2900.731282554972
paper,12,10,2044,2870.9030311375623
paper,12,10,2045,2870.549469865051
paper,12,10,2046,2871.75949053037
paper,12,10,2047,2963.9031178446394
paper,12,10,2048,3155.1614659449924
paper,12,10,2049,2867.59540154534
paper,12,10,2050,2910.763829077935
paper,12,10,2051,2870.680250549265
paper,12,10,2052,2904.939893864259
paper,12,10,2053,2901.2364540187937
paper,12,10,2054,2867.0618114328354
paper,12,10,2055,2869.5406618471015
asabmo,1,10,2026,300.00000000000006
asabmo,1,10,2027,300.0000000000001
asabmo,1,10,2028,300.00000000000006
asabmo,1,10,2029,300.00000000000006
asabmo,1,10,2030,300.00000000000006
asabmo,1,10,2031,300.00000000000006
asabmo,1,10,2032,300.00000000000006
asabmo,1,10,2033,300.0
asabmo,1,10,2034,300.00000000000006
asabmo,1,10,2035,300.00000000000006
asabmo,1,10,2036,300.0
asabmo,1,10,2037,300.00000000000006
asabmo,1,10,2038,300.0
asabmo,1,10,2039,300.00000000000006
asabmo,1,10,2040,300.0
asabmo,1,10,2041,300.00000000000006
asabmo,1,10,2042,300.00000000000006
asabmo,1,10,2043,300.00000000000006
asabmo,1,10,2044,300.0
asabmo,1,10,2045,300.00000000000006
asabmo,1,10,2046,300.0
asabmo,1,10,2047,300.0
asabmo,1,10,2048,300.00000000000006
asabmo,1,10,2049,300.00000000000006
asabmo,1,10,2050,300.0
asabmo,1,10,2051,300.00000000000006
asabmo,1,10,2052,300.00000000000006
asabmo,1,10,2053,300.00000000000006
asabmo,1,10,2054,300.00000000000006
asabmo,1,10,2055,300.00000000000006
asabmo,2,10,2026,404.0492991076107
asabmo,2,10,2027,407.5541219846673
asabmo,2,10,2028,408.9161019277813
asabmo,2,10,2029,407.5541219846673
asabmo,2,10,2030,408.9161019277814
asabmo,2,10,2031,408.00232488628467
asabmo,2,10,2032,408.9161019277813
asabmo,2,10,2033,408.91610192778137
asabmo,2,10,2034,408.91610192778137
asabmo,2,10,2035,408.9161019277813
asabmo,2,10,2036,400.38511092271546
asabmo,2,10,2037,404.6484097350442
asabmo,2,10,2038,408.9161019277813
asabmo,2,10,2039,408.9161019277813
asabmo,2,10,2040,400.09075442796444
asabmo,2,10,2041,408.9161019277813
asabmo,2,10,2042,408.91610192778137
asabmo,2,10,2043,408.9161019277813
asabmo,2,10,2044,408.91610192778137
asabmo,2,10,2045,408.91610192778137
asabmo,2,10,2046,400.5527203382474
asabmo,2,10,2047,405.6956880901443
asabmo,2,10,2048,471.41386780066335
asabmo,2,10,2049,405.5046317096849
asabmo,2,10,2050,419.4616607967074
asabmo,2,10,2051,408.91610192778137
asabmo,2,10,2052,470.8471164187876
asabmo,2,10,2053,408.91610192778137
asabmo,2,10,2054,407.90991141526524
asabmo,2,10,2055,400.55272033824735
asabmo,3,10,2026,600.0000000000001
asabmo,3,10,2027,600.0000000000002
asabmo,3,10,2028,600.0000000000001
asabmo,3,10,2029,600.0
asabmo,3,10,2030,600.0000000000002
asabmo,3,10,2031,600.0000000000001
asabmo,3,10,2032,600.0000000000001
asabmo,3,10,2033,600.0000000000001
asabmo,3,10,2034,600.0000000000002
asabmo,3,10,2035,600.0000000000001
asabmo,3,10,2036,600.0000000000001
asabmo,3,10,2037,600.0000000000001
asabmo,3,10,2038,600.0000000000001
asabmo,3,10,2039,600.0
asabmo,3,10,2040,600.0000000000001
asabmo,3,10,2041,600.0000000000001
asabmo,3,10,2042,600.0000000000001
asabmo,3,10,2043,600.0
asabmo,3,10,2044,600.0
asabmo,3,10,2045,600.0000000000001
asabmo,3,10,2046,600.0000000000001
asabmo,3,10,2047,600.0
asabmo,3,10,2048,600.0000000000001
asabmo,3,10,2049,600.0000000000001
asabmo,3,10,2050,600.0000000000001
asabmo,3,10,2051,600.0
asabmo,3,10,2052,600.0000000000001
asabmo,3,10,2053,600.0000000000001
asabmo,3,10,2054,600.0000000000001
asabmo,3,10,2055,600.0000000000001
asabmo,4,10,2026,822.0
asabmo,4,10,2027,854.0
asabmo,4,10,2028,832.4899200447985
asabmo,4,10,2029,818.0
asabmo,4,10,2030,820.0
asabmo,4,10,2031,874.5
asabmo,4,10,2032,836.0000000000653
asabmo,4,10,2033,878.0
asabmo,4,10,2034,892.0
asabmo,4,10,2035,814.0
asabmo,4,10,2036,874.0
asabmo,4,10,2037,840.0
asabmo,4,10,2038,840.0
asabmo,4,10,2039,854.0
asabmo,4,10,2040,844.0
asabmo,4,10,2041,830.0
asabmo,4,10,2042,844.0
asabmo,4,10,2043,820.0
asabmo,4,10,2044,878.0
asabmo,4,10,2045,824.0
asabmo,4,10,2046,832.0
asabmo,4,10,2047,830.0
asabmo,4,10,2048,846.0
asabmo,4,10,2049,848.0
asabmo,4,10,2050,856.0
asabmo,4,10,2051,826.0
asabmo,4,10,2052,846.0
asabmo,4,10,2053,830.0
asabmo,4,10,2054,830.0
asabmo,4,10,2055,846.0
asabmo,5,10,2026,905.1790389270502
asabmo,5,10,2027,900.5438522690084
asabmo,5,10,2028,900.0000000000013
asabmo,5,10,2029,900.9086480371819
asabmo,5,10,2030,900.4543240185919
asabmo,5,10,2031,900.1790565008332
asabmo,5,10,2032,900.7229087698405
asabmo,5,10,2033,904.3178152814345
asabmo,5,10,2034,900.1790565008334
asabmo,5,10,2035,900.633380519424
asabmo,5,10,2036,900.9086480371832
asabmo,5,10,2037,900.454324018593
asabmo,5,10,2038,900.5438522690077
asabmo,5,10,2039,900.0895282504172
asabmo,5,10,2040,900.0895282504179
asabmo,5,10,2041,901.3629720557732
asabmo,5,10,2042,901.4525003061912
asabmo,5,10,2043,900.4543240185924
asabmo,5,10,2044,900.0000000000002
asabmo,5,10,2045,903.3982556957802
asabmo,5,10,2046,903.1760245890573
asabmo,5,10,2047,903.2453105326172
asabmo,5,10,2048,900.5438522690077
asabmo,5,10,2049,901.9068031688665
asabmo,5,10,2050,900.0895282504165
asabmo,5,10,2051,900.5438522690077
asabmo,5,10,2052,900.6333805194241
asabmo,5,10,2053,900.0000000000008
asabmo,5,10,2054,900.4543240185948
asabmo,5,10,2055,900.0000000000003
asabmo,6,10,2026,3507.602137417277
asabmo,6,10,2027,17658.014244176906
asabmo,6,10,2028,43314.84520797598
asabmo,6,10,2029,6640.186869127471
asabmo,6,10,2030,4512.515307277436
asabmo,6,10,2031,7119.77345876952
asabmo,6,10,2032,33445.49788681612
asabmo,6,10,2033,14423.46111447106
asabmo,6,10,2034,8238.643951387738
asabmo,6,10,2035,41607.58770306169
asabmo,6,10,2036,26666.213357662586
asabmo,6,10,2037,6845.451695214652
asabmo,6,10,2038,14070.878743805515
asabmo,6,10,2039,2117.9450906096013
asabmo,6,10,2040,2915.8214860992025
asabmo,6,10,2041,3953.8551769344085
asabmo,6,10,2042,19028.233485965357
asabmo,6,10,2043,31387.650920103868
asabmo,6,10,2044,14908.745120389895
asabmo,6,10,2045,32389.67903547821
asabmo,6,10,2046,3340.561030429585
asabmo,6,10,2047,9244.56308835145
asabmo,6,10,2048,32825.62065564413
asabmo,6,10,2049,10258.44138589246
asabmo,6,10,2050,3011.1944052449594
asabmo,6,10,2051,7049.111177382507
asabmo,6,10,2052,21809.055892820757
asabmo,6,10,2053,20772.155270971532
asabmo,6,10,2054,19328.878900862772
asabmo,6,10,2055,24663.38532634252
asabmo,7,10,2026,2027.0159027820214
asabmo,7,10,2027,2023.9912312924143
asabmo,7,10,2028,2023.5119012617672
asabmo,7,10,2029,2021.4949342836499
asabmo,7,10,2030,2026.5118261664882
asabmo,7,10,2031,2024.425753988917
asabmo,7,10,2032,2042.2888739654609
asabmo,7,10,2033,2024.9841154365429
asabmo,7,10,2034,2021.9989921892657
asabmo,7,10,2035,2028.635042428587
asabmo,7,10,2036,2024.4798309007901
asabmo,7,10,2037,2040.002611542884
asabmo,7,10,2038,2040.3126290498853
asabmo,7,10,2039,2029.4546012166845
asabmo,7,10,2040,2025.5269598812397
asabmo,7,10,2041,2023.984036226012
asabmo,7,10,2042,2028.0601969316617
asabmo,7,10,2043,2028.4596619577937
asabmo,7,10,2044,2041.536756797047
asabmo,7,10,2045,2121.1212129080154
asabmo,7,10,2046,2021.3952200335882
asabmo,7,10,2047,2042.9128508181466
asabmo,7,10,2048,2029.949662176213
asabmo,7,10,2049,2021.4949571845452
asabmo,7,10,2050,2005.0698456712203
asabmo,7,10,2051,2125.1337039804753
asabmo,7,10,2052,2026.068518271767
asabmo,7,10,2053,2037.4143718065834
asabmo,7,10,2054,2124.6591629423874
asabmo,7,10,2055,2120.5738777163347
asabmo,8,10,2026,2222.572998742432
asabmo,8,10,2027,2206.8581916428116
asabmo,8,10,2028,2221.9909608770504
asabmo,8,10,2029,2220.161625442885
asabmo,8,10,2030,2224.6766016281954
asabmo,8,10,2031,2271.6419453488365
asabmo,8,10,2032,2223.4364604849206
asabmo,8,10,2033,2222.4745094066557
asabmo,8,10,2034,2628.983361396923
asabmo,8,10,2035,2226.359606535884
asabmo,8,10,2036,2224.2083077127904
asabmo,8,10,2037,2221.482532224706
asabmo,8,10,2038,2222.4490585862554
asabmo,8,10,2039,2220.8154241012953
asabmo,8,10,2040,2221.5074133975345
asabmo,8,10,2041,2202.327921146812
asabmo,8,10,2042,2364.3145869731366
asabmo,8,10,2043,2222.974180398173
asabmo,8,10,2044,2222.4324204626455
asabmo,8,10,2045,2220.2906888857206
asabmo,8,10,2046,2222.2172632165166
asabmo,8,10,2047,2220.856838433695
asabmo,8,10,2048,2221.8160037524985
asabmo,8,10,2049,2255.7903156710818
asabmo,8,10,2050,2316.336390471013
asabmo,8,10,2051,2222.8790810335163
asabmo,8,10,2052,2223.0038383093856
asabmo,8,10,2053,2221.7235866433643
asabmo,8,10,2054,2224.327689474756
asabmo,8,10,2055,2221.2747836246126
asabmo,9,10,2026,2664.5427474370163
asabmo,9,10,2027,2659.192899046413
asabmo,9,10,2028,2670.1079759592353
asabmo,9,10,2029,2680.239934060168
asabmo,9,10,2030,2659.09434478037
asabmo,9,10,2031,2659.192805181659
asabmo,9,10,2032,2669.8598037236543
asabmo,9,10,2033,2659.192805640293
asabmo,9,10,2034,2666.9085865215457
asabmo,9,10,2035,2300.0000000000014
asabmo,9,10,2036,2745.6054735939715
asabmo,9,10,2037,2300.000000000001
asabmo,9,10,2038,2659.1934011056514
asabmo,9,10,2039,2907.191950971618
asabmo,9,10,2040,2666.9101532244204
asabmo,9,10,2041,2659.094344780626
asabmo,9,10,2042,2665.470854468036
asabmo,9,10,2043,2664.542432762017
asabmo,9,10,2044,2680.2399340601714
asabmo,9,10,2045,2666.9082575604593
asabmo,9,10,2046,2669.8598037236443
asabmo,9,10,2047,2670.107975959239
asabmo,9,10,2048,2664.5424379860915
asabmo,9,10,2049,2659.0943447804993
asabmo,9,10,2050,2659.1928067641275
asabmo,9,10,2051,2300.0000000000005
asabmo,9,10,2052,2659.1928051817767
asabmo,9,10,2053,2300.000000000002
asabmo,9,10,2054,2670.1079759592362
asabmo,9,10,2055,2659.0943447803998
asabmo,10,10,2026,2728.2711859578853
asabmo,10,10,2027,2622.1981649256318
asabmo,10,10,2028,2622.1744000774947
asabmo,10,10,2029,2630.5975886983433
asabmo,10,10,2030,2622.174400077495
asabmo,10,10,2031,3379.4019325499785
asabmo,10,10,2032,3289.095848489809
asabmo,10,10,2033,3219.232708809638
asabmo,10,10,2034,2622.4738766144164
asabmo,10,10,2035,2632.7052130476336
asabmo,10,10,2036,2629.410213740292
asabmo,10,10,2037,2722.486794537349
asabmo,10,10,2038,2794.0774089859997
asabmo,10,10,2039,2621.122057282524
asabmo,10,10,2040,2622.1744000774947
asabmo,10,10,2041,2780.5796459870635
asabmo,10,10,2042,2731.825967724417
asabmo,10,10,2043,2741.6938553088003
asabmo,10,10,2044,2624.539415680899
asabmo,10,10,2045,2626.9992821869682
asabmo,10,10,2046,2627.4778383909684
asabmo,10,10,2047,2626.4218061997108
asabmo,10,10,2048,2625.231319168906
asabmo,10,10,2049,2752.5075622471777
asabmo,10,10,2050,2755.5482162942367
asabmo,10,10,2051,2769.0412393645333
asabmo,10,10,2052,2629.812243323843
asabmo,10,10,2053,2627.7512900062825
asabmo,10,10,2054,2752.5895438131065
asabmo,10,10,2055,4220.250883846902
asabmo,11,10,2026,2621.072377922809
asabmo,11,10,2027,2600.000000000001
asabmo,11,10,2028,2600.0000000000014
asabmo,11,10,2029,2600.000000000001
asabmo,11,10,2030,3476.9248252571206
asabmo,11,10,2031,2600.0000000000005
asabmo,11,10,2032,2600.000000000003
asabmo,11,10,2033,2600.000000000001
asabmo,11,10,2034,2618.6637389164216
asabmo,11,10,2035,3476.7184285022477
asabmo,11,10,2036,2600.0000000000005
asabmo,11,10,2037,3476.774571163448
asabmo,11,10,2038,2622.425596245957
asabmo,11,10,2039,2623.4308474762415
asabmo,11,10,2040,2624.074645905943
asabmo,11,10,2041,2623.430847476241
asabmo,11,10,2042,2600.0000000000014
asabmo,11,10,2043,3477.4088689844248
asabmo,11,10,2044,3476.068898326548
asabmo,11,10,2045,2600.000000000001
asabmo,11,10,2046,3476.718428502247
asabmo,11,10,2047,2600.000000000001
asabmo,11,10,2048,2600.000000000001
asabmo,11,10,2049,2623.430847476241
asabmo,11,10,2050,2622.26893986593
asabmo,11,10,2051,2600.000000000001
asabmo,11,10,2052,2600.0000000000005
asabmo,11,10,2053,2600.000000000001
asabmo,11,10,2054,2623.4308474762424
asabmo,11,10,2055,2624.3560491284934
asabmo,12,10,2026,2867.811136976925
asabmo,12,10,2027,2866.886457596337
asabmo,12,10,2028,2868.964263770293
asabmo,12,10,2029,2870.79354791542
asabmo,12,10,2030,2866.631980254162
asabmo,12,10,2031,2865.5011170799476
asabmo,12,10,2032,2868.262792651635
asabmo,12,10,2033,2871.251608275292
asabmo,12,10,2034,2868.0449161823035
asabmo,12,10,2035,2868.3969570030467
asabmo,12,10,2036,2868.007836379719
asabmo,12,10,2037,2866.4857021672824
asabmo,12,10,2038,2868.844152639527
asabmo,12,10,2039,2869.029060828808
asabmo,12,10,2040,2866.5025524580797
asabmo,12,10,2041,2866.8310629111656
asabmo,12,10,2042,2867.4800433759565
asabmo,12,10,2043,2867.555699946046
asabmo,12,10,2044,2866.7365523524813
asabmo,12,10,2045,2868.5983387669894
asabmo,12,10,2046,2866.902743719289
asabmo,12,10,2047,2868.040891488277
asabmo,12,10,2048,2871.3513551700753
asabmo,12,10,2049,2865.9101703064803
asabmo,12,10,2050,2899.7292193021926
asabmo,12,10,2051,2899.7292193021926
asabmo,12,10,2052,2874.3042143198268
asabmo,12,10,2053,2866.671932294966
asabmo,12,10,2054,2874.932258243242
asabmo,12,10,2055,2867.029327579865
