fid,paper,asabmo,med_paper,med_asabmo,p,sign
1,307.1318129931812,300.00000021229994,300.00000000000045,300.0000000000006,0.6947154392098682,=
2,461.4647845347364,451.45859389138224,449.0844881193383,449.08450443718806,0.14531912724086543,=
3,600.0060566942835,600.0017783917451,600.0000000000007,600.0000000000005,0.24291929099230092,=
4,1048.2333333333333,946.5500000000126,1038.25,933.25,9.42888569062895e-08,+
5,905.567355794843,903.3664757555493,905.6032742608794,902.9260904525518,0.0020523338723804135,+
6,71718.25920208993,52358.84931753143,66375.01415267156,51176.70061333115,0.03513659994217983,+
7,2155.890111167719,2063.080649165052,2084.1850219124153,2054.8974642447906,0.03916706803882588,+
8,3381.2246982405563,3047.741668273614,2557.92947208845,2689.5621747540404,0.8418014501581275,=
9,2669.8150624320656,2645.27477710387,2646.3758063644955,2635.7974494008968,0.02324344705367121,+
10,4477.223423987654,4527.796668422124,4592.82389059874,4672.205039320959,0.6100075520376812,=
11,2884.7782949429848,2880.390527777766,2629.9402641493352,2615.283615930569,0.11536235969206284,=
12,3121.035692991472,3004.723997557594,3054.5883467794743,2989.0040315661313,9.791710196799422e-05,+
