fid,dim,seed,f
1,10,2026,300.0
1,10,2027,300.0
1,10,2028,300.00000000000006
1,10,2029,300.00000000000006
1,10,2030,300.00000000000006
1,10,2031,300.00000000000006
1,10,2032,300.0
1,10,2033,300.00000000000006
1,10,2034,300.0
1,10,2035,300.00000000000006
1,10,2036,300.0
1,10,2037,300.00000000000006
1,10,2038,300.00000000000006
1,10,2039,300.0
1,10,2040,300.0
1,10,2041,300.00000000000006
1,10,2042,300.00000000000006
1,10,2043,300.00000000000006
1,10,2044,300.0
1,10,2045,300.0
1,10,2046,300.00000000000006
1,10,2047,300.00000000000006
1,10,2048,300.0
1,10,2049,300.0000000000001
1,10,2050,300.0000000000001
1,10,2051,300.0
1,10,2052,300.0000000000001
1,10,2053,300.00000000000006
1,10,2054,300.00000000000006
1,10,2055,300.00000000000006
2,10,2026,408.9161019277813
2,10,2027,400.1371070165987
2,10,2028,408.2412761992644
2,10,2029,408.00232488628467
2,10,2030,408.9161019277813
2,10,2031,407.5541219846673
2,10,2032,407.9099114152651
2,10,2033,408.9161019277813
2,10,2034,408.91610192778137
2,10,2035,408.9161019277813
2,10,2036,470.7810838148514
2,10,2037,408.24127619926446
2,10,2038,404.137417201521
2,10,2039,407.55412198466723
2,10,2040,400.55272033824735
2,10,2041,408.9161019277814
2,10,2042,471.1323251953868
2,10,2043,407.9099114152651
2,10,2044,453.46909433050405
2,10,2045,408.9161019277813
2,10,2046,408.9161019277813
2,10,2047,400.55272033824735
2,10,2048,404.2897292362893
2,10,2049,404.620705903815
2,10,2050,668.9567126773022
2,10,2051,470.7810838170202
2,10,2052,408.9161019277813
2,10,2053,419.4616607967074
2,10,2054,407.9099114152652
2,10,2055,404.24537360649657
3,10,2026,600.0287831919461
3,10,2027,600.0000000000002
3,10,2028,600.0
3,10,2029,600.0000000000001
3,10,2030,600.0
3,10,2031,600.0000000000001
3,10,2032,600.0000000000002
3,10,2033,600.0000000000001
3,10,2034,600.0000000000001
3,10,2035,600.0000000000001
3,10,2036,600.0000000000001
3,10,2037,600.0000000000001
3,10,2038,600.0
3,10,2039,600.0000000000001
3,10,2040,600.0
3,10,2041,600.0
3,10,2042,600.0000000000001
3,10,2043,600.0000000000001
3,10,2044,600.0000000000001
3,10,2045,600.0000000000001
3,10,2046,600.0
3,10,2047,600.0000000000001
3,10,2048,600.0
3,10,2049,600.0
3,10,2050,600.0000000000001
3,10,2051,600.0000000000001
3,10,2052,600.0000000000001
3,10,2053,600.0
3,10,2054,600.0000000000001
3,10,2055,600.0000000000001
4,10,2026,890.0000000000003
4,10,2027,914.5
4,10,2028,904.0
4,10,2029,820.0
4,10,2030,830.0000000000057
4,10,2031,876.0
4,10,2032,888.0
4,10,2033,876.000000000103
4,10,2034,892.0
4,10,2035,862.0
4,10,2036,844.0
4,10,2037,902.0
4,10,2038,906.0
4,10,2039,922.5
4,10,2040,890.0
4,10,2041,836.0
4,10,2042,836.0
4,10,2043,838.0
4,10,2044,864.0
4,10,2045,850.0
4,10,2046,922.0
4,10,2047,890.0
4,10,2048,858.0000000000007
4,10,2049,932.0000000000025
4,10,2050,924.0
4,10,2051,894.0
4,10,2052,834.0
4,10,2053,840.0
4,10,2054,872.0000000000005
4,10,2055,890.5
5,10,2026,904.9999823186203
5,10,2027,908.4032903775184
5,10,2028,900.5438522690088
5,10,2029,900.9981762876006
5,10,2030,900.4543240185915
5,10,2031,900.9086480371825
5,10,2032,900.2685847512495
5,10,2033,903.8239637498745
5,10,2034,906.8254573292305
5,10,2035,900.6333805194239
5,10,2036,900.9981762875992
5,10,2037,900.0000000000008
5,10,2038,900.5438522690082
5,10,2039,900.0895282504171
5,10,2040,901.0877045380158
5,10,2041,900.0895282504166
5,10,2042,902.4896076585972
5,10,2043,905.126002365079
5,10,2044,901.971887883175
5,10,2045,904.3992833323223
5,10,2046,903.0864963386402
5,10,2047,903.1557822822009
5,10,2048,900.5438522690077
5,10,2049,901.7277466680375
5,10,2050,901.249981461092
5,10,2051,900.0000000000006
5,10,2052,900.7229087698405
5,10,2053,900.6333805194241
5,10,2054,900.9981762875988
5,10,2055,900.908648037183
6,10,2026,3354.398607910212
6,10,2027,13916.752180296648
6,10,2028,26663.93626906974
6,10,2029,9422.185838571299
6,10,2030,6805.320172473906
6,10,2031,31655.555285693572
6,10,2032,51333.556593807436
6,10,2033,9104.83783404611
6,10,2034,32294.81602003081
6,10,2035,40924.893720643086
6,10,2036,35157.91275715312
6,10,2037,21933.566525681836
6,10,2038,30120.03890999451
6,10,2039,30683.003765370955
6,10,2040,5984.325747541649
6,10,2041,23063.092572349342
6,10,2042,24003.934309685326
6,10,2043,20919.405193871735
6,10,2044,42479.59316805891
6,10,2045,18806.48053388784
6,10,2046,27081.41468699479
6,10,2047,32628.371437556707
6,10,2048,6069.94855842472
6,10,2049,5576.550567819721
6,10,2050,19414.67356104502
6,10,2051,31670.428047319394
6,10,2052,15214.974939713351
6,10,2053,27856.767673531554
6,10,2054,18060.912157633466
6,10,2055,84377.6695328108
7,10,2026,2131.1495611944874
7,10,2027,2032.9345907789907
7,10,2028,2121.2694201494405
7,10,2029,2021.4949590516405
7,10,2030,2023.9808158537685
7,10,2031,2037.4142027416628
7,10,2032,2024.981476709073
7,10,2033,2123.620984964544
7,10,2034,2029.143379478606
7,10,2035,2024.4798311905456
7,10,2036,2025.4747902474342
7,10,2037,2074.520481982684
7,10,2038,2020.0018932798414
7,10,2039,2036.0385931775133
7,10,2040,2138.260852890143
7,10,2041,2032.1262740220789
7,10,2042,2028.9702597364776
7,10,2043,2025.4747902370152
7,10,2044,2132.5006039694504
7,10,2045,2126.911704404459
7,10,2046,2021.494959021416
7,10,2047,2019.8483328286547
7,10,2048,2021.494958422589
7,10,2049,2020.001068612276
7,10,2050,2024.1813269979789
7,10,2051,2215.6022360674865
7,10,2052,2125.725041371321
7,10,2053,2022.5126361962537
7,10,2054,2020.4999976292625
7,10,2055,2131.238062670257
8,10,2026,2222.8233558529623
8,10,2027,2629.0717233958335
8,10,2028,2215.385760281848
8,10,2029,2221.9263768396577
8,10,2030,2221.7370069277313
8,10,2031,2224.727481138958
8,10,2032,2225.494529830651
8,10,2033,2222.7226780002015
8,10,2034,2223.207218189045
8,10,2035,2752.4499809630715
8,10,2036,2220.721260675334
8,10,2037,2303.714892672247
8,10,2038,2234.292948719209
8,10,2039,2230.976211767205
8,10,2040,2319.390392817286
8,10,2041,2225.065820974166
8,10,2042,2865.3856296863605
8,10,2043,2220.6215490804916
8,10,2044,2221.6551431248595
8,10,2045,2227.0880804109697
8,10,2046,2220.694642982102
8,10,2047,2232.4941000830404
8,10,2048,2223.1318394775412
8,10,2049,2222.83934930459
8,10,2050,2246.9819179945393
8,10,2051,2203.1451759499496
8,10,2052,2230.3844893269925
8,10,2053,2221.67956454389
8,10,2054,2322.647955890888
8,10,2055,2222.1167766511026
9,10,2026,2669.859803723639
9,10,2027,2664.5424327561955
9,10,2028,2680.239934060168
9,10,2029,2666.9081428772924
9,10,2030,2659.192805180872
9,10,2031,2669.859803723642
9,10,2032,2752.990453537647
9,10,2033,2666.9081428773043
9,10,2034,2680.2399340601683
9,10,2035,2666.9081428773247
9,10,2036,2670.107975959236
9,10,2037,2659.1928051808736
9,10,2038,2670.107975959236
9,10,2039,2929.227561752937
9,10,2040,2670.1079759592353
9,10,2041,2666.908142877285
9,10,2042,2659.1928051808754
9,10,2043,2669.8598037236393
9,10,2044,2670.107975959236
9,10,2045,2670.1079759592367
9,10,2046,2670.107975959236
9,10,2047,2670.107975959237
9,10,2048,2664.5424327562023
9,10,2049,2742.447761996263
9,10,2050,2669.859803723639
9,10,2051,2670.1079759592353
9,10,2052,2659.192805180925
9,10,2053,2669.8598037236393
9,10,2054,2664.5424327562005
9,10,2055,2659.0943447803697
10,10,2026,2751.2995564806447
10,10,2027,2628.370253024953
10,10,2028,2622.3252230449466
10,10,2029,2788.8164923567438
10,10,2030,2627.1000223794713
10,10,2031,3793.313015715823
10,10,2032,3637.377225305923
10,10,2033,3500.502503132376
10,10,2034,2622.537687492699
10,10,2035,2623.458375268338
10,10,2036,2622.0626403783267
10,10,2037,2791.542427001389
10,10,2038,2775.3851506917736
10,10,2039,3922.8637120925214
10,10,2040,2623.4042970410583
10,10,2041,3140.1150127980254
10,10,2042,2747.2482970861406
10,10,2043,2762.4112432770307
10,10,2044,2773.040454782821
10,10,2045,2631.01999701588
10,10,2046,2630.2847748930326
10,10,2047,2625.061579511373
10,10,2048,2635.14218250076
10,10,2049,2766.130148174124
10,10,2050,2782.826330315954
10,10,2051,2768.5636371905102
10,10,2052,2620.8726497489797
10,10,2053,2627.4551401880926
10,10,2054,2747.037229601019
10,10,2055,3809.189929822548
11,10,2026,2600.0000000000014
11,10,2027,2600.000000000001
11,10,2028,2600.000000000001
11,10,2029,2600.0000000000014
11,10,2030,3483.113911320933
11,10,2031,2600.000000000002
11,10,2032,2600.000000000001
11,10,2033,2600.0000000000014
11,10,2034,2600.000000000001
11,10,2035,3480.264602105931
11,10,2036,2600.000000000001
11,10,2037,3476.458645744544
11,10,2038,2600.0000000000023
11,10,2039,3477.408868984425
11,10,2040,2600.000000000001
11,10,2041,2622.7787230650483
11,10,2042,2600.0000000000005
11,10,2043,3478.995662998492
11,10,2044,3476.9248252571206
11,10,2045,2600.000000000001
11,10,2046,3482.358323785087
11,10,2047,2600.000000000001
11,10,2048,2600.0000000000005
11,10,2049,2600.000000000001
11,10,2050,2618.6637389164216
11,10,2051,2600.0000000000005
11,10,2052,2630.531704853594
11,10,2053,2600.000000000001
11,10,2054,2619.473414547715
11,10,2055,2626.602963880619
12,10,2026,2873.665341583703
12,10,2027,2873.1117654161812
12,10,2028,2869.7047812269134
12,10,2029,2870.981936720429
12,10,2030,2952.0968146129903
12,10,2031,2868.393465714189
12,10,2032,2867.360178451993
12,10,2033,2875.1998719073786
12,10,2034,2866.5464078971913
12,10,2035,2872.3497831900745
12,10,2036,2869.182546834669
12,10,2037,2893.927117838314
12,10,2038,2866.476287120846
12,10,2039,2875.3404946682645
12,10,2040,2875.5641192664834
12,10,2041,2869.895646708384
12,10,2042,2873.0840791019705
12,10,2043,2921.940608601412
12,10,2044,2901.8759118734
12,10,2045,2886.7002378203592
12,10,2046,2867.511620864853
12,10,2047,2962.483170405212
12,10,2048,3098.2954671400735
12,10,2049,2896.060166150594
12,10,2050,2870.7743586701095
12,10,2051,2867.619796329352
12,10,2052,3012.352939897518
12,10,2053,2866.0393991245464
12,10,2054,2917.2976225129405
12,10,2055,2872.619033132472
