dim,fid,vs,p,p_holm,sign
10,1,ABMO,0.11014515856611536,0.5507257928305768,=
10,2,ABMO,0.8406370975933584,1.0,=
10,3,ABMO,0.6464509596944988,1.0,=
10,4,ABMO,1.2361879459743153e-05,0.00014834255351691783,+
10,5,ABMO,0.0006197230819245724,0.006816953901170296,+
10,6,ABMO,0.03916706803882588,0.31333654431060703,=
10,7,ABMO,0.05368525328679823,0.3757967730075876,=
10,8,ABMO,0.0019526766739305424,0.019526766739305423,+
10,9,ABMO,0.1829680748813226,0.7318722995252904,=
10,10,ABMO,0.09048588299720225,0.5429152979832135,=
10,11,ABMO,0.77719248118173,1.0,=
10,12,ABMO,0.0033381736351609428,0.030043562716448487,+
10,1,RUN,1.0403328101471056e-11,1.248399372176527e-10,+
10,2,RUN,3.9551849414668055e-09,3.559666447320125e-08,+
10,3,RUN,1.0729490888612416e-11,1.248399372176527e-10,+
10,4,RUN,0.5893528813638583,1.0,=
10,5,RUN,0.023235785456105124,0.11617892728052562,=
10,6,RUN,0.014412183349875863,0.08647310009925518,=
10,7,RUN,1.849994079491288e-08,1.4799952635930304e-07,+
10,8,RUN,2.438626624144956e-09,2.4386266241449557e-08,+
10,9,RUN,0.501143667603293,1.0,=
10,10,RUN,0.17144409680149675,0.685776387205987,=
10,11,RUN,1.0,1.0,=
10,12,RUN,2.432078810547694e-05,0.00017024551673833858,+
10,1,GWO,1.0403328101471056e-11,1.248399372176527e-10,+
10,2,GWO,7.364105690367843e-09,6.627695121331058e-08,+
10,3,GWO,1.0729490888612416e-11,1.248399372176527e-10,+
10,4,GWO,0.7226458977429542,0.9548925123910462,=
10,5,GWO,5.964912518681688e-05,0.00035789475112090125,-
10,6,GWO,3.019859359162157e-11,3.019859359162157e-10,+
10,7,GWO,4.4440478739951943e-07,3.1108335117966362e-06,+
10,8,GWO,1.0104532753263791e-08,8.083626202611033e-08,+
10,9,GWO,0.001114256468355765,0.005571282341778825,-
10,10,GWO,0.31829750413034874,0.9548925123910462,=
10,11,GWO,0.3322494275353124,0.9548925123910462,=
10,12,GWO,0.005827485633385436,0.023309942533541746,-
10,1,WOA,1.0403328101471056e-11,1.248399372176527e-10,+
10,2,WOA,5.375445676842446e-07,3.2252674061054674e-06,+
10,3,WOA,1.0729490888612416e-11,1.248399372176527e-10,+
10,4,WOA,5.4676369512484944e-08,3.8273458658739464e-07,+
10,5,WOA,1.8661720694819537e-05,7.464688277927815e-05,+
10,6,WOA,0.00831460908674944,0.01912954066422828,+
10,7,WOA,5.572653248454238e-10,4.45812259876339e-09,+
10,8,WOA,4.0771648468253186e-11,4.077164846825319e-10,+
10,9,WOA,1.4298355871314211e-05,7.149177935657106e-05,+
10,10,WOA,0.00637651355474276,0.01912954066422828,+
10,11,WOA,0.24522277246270963,0.24522277246270963,=
10,12,WOA,2.1531641547226568e-10,1.9378477392503913e-09,+
10,1,HHO,1.0403328101471056e-11,1.248399372176527e-10,+
10,2,HHO,1.0455320424583882e-08,6.27319225475033e-08,+
10,3,HHO,1.0729490888612416e-11,1.248399372176527e-10,+
10,4,HHO,0.001712959682432664,0.006851838729730656,+
10,5,HHO,0.002378630710160272,0.007135892130480815,+
10,6,HHO,1.018768935242708e-05,5.0938446762135397e-05,+
10,7,HHO,1.173735436185757e-09,9.389883489486056e-09,+
10,8,HHO,8.152744512218774e-11,7.337470060996897e-10,+
10,9,HHO,4.9979539605688955e-09,3.498567772398227e-08,+
10,10,HHO,0.04358062831098598,0.04358062831098598,-
10,11,HHO,0.014290084117069422,0.028580168234138843,-
10,12,HHO,6.69146781811368e-11,6.69146781811368e-10,+
10,1,SCA,1.0403328101471056e-11,1.248399372176527e-10,+
10,2,SCA,3.43876185630239e-11,3.094885670672151e-10,+
10,3,SCA,1.0729490888612416e-11,1.248399372176527e-10,+
10,4,SCA,9.17196607893934e-05,0.0003668786431575736,+
10,5,SCA,0.15795258309850635,0.3159051661970127,=
10,6,SCA,3.019859359162157e-11,3.019859359162157e-10,+
10,7,SCA,2.028294855539196e-07,1.2169769133235176e-06,+
10,8,SCA,2.371469434621338e-10,1.6600286042349367e-09,+
10,9,SCA,5.970555843419155e-05,0.0002985277921709577,-
10,10,SCA,0.5792889403954998,0.5792889403954998,=
10,11,SCA,0.00011517863389796309,0.0003668786431575736,-
10,12,SCA,5.490698716073634e-11,4.392558972858907e-10,+
10,1,LSHADE,6.287337793871914e-09,2.5149351175487656e-08,-
10,2,LSHADE,0.028577305368641177,0.028577305368641177,-
10,3,LSHADE,6.677975938519737e-10,5.342380750815789e-09,-
10,4,LSHADE,4.567661017992695e-10,4.110894916193425e-09,-
10,5,LSHADE,1.2078287125723328e-12,1.4493944550867994e-11,-
10,6,LSHADE,3.019859359162157e-11,3.3218452950783726e-10,-
10,7,LSHADE,1.856733730733389e-09,1.1140402384400335e-08,-
10,8,LSHADE,2.2780239117599316e-05,4.556047823519863e-05,-
10,9,LSHADE,3.3303888568700962e-09,1.665194428435048e-08,-
10,10,LSHADE,5.706094688316077e-08,1.7118284064948232e-07,-
10,11,LSHADE,1.5811240256271465e-09,1.1067868179390025e-08,-
10,12,LSHADE,1.6122875051368354e-10,1.6122875051368355e-09,-
20,1,ABMO,0.6947154392098682,1.0,=
20,2,ABMO,0.14531912724086543,0.7265956362043271,=
20,3,ABMO,0.24291929099230092,0.9716771639692037,=
20,4,ABMO,9.42888569062895e-08,1.1314662828754742e-06,+
20,5,ABMO,0.0020523338723804135,0.020523338723804137,+
20,6,ABMO,0.03513659994217983,0.28109279953743865,=
20,7,ABMO,0.03916706803882588,0.28109279953743865,=
20,8,ABMO,0.8418014501581275,1.0,=
20,9,ABMO,0.02324344705367121,0.2091910234830409,=
20,10,ABMO,0.6100075520376812,1.0,=
20,11,ABMO,0.11536235969206284,0.692174158152377,=
20,12,ABMO,9.791710196799422e-05,0.0010770881216479364,+
20,1,RUN,2.9728686875000726e-11,3.489842482900162e-10,+
20,2,RUN,3.019859359162157e-11,3.489842482900162e-10,+
20,3,RUN,2.9082020690834682e-11,3.489842482900162e-10,+
20,4,RUN,1.7469733333609988e-05,8.734866666804994e-05,+
20,5,RUN,0.0019526766739305424,0.005858030021791628,+
20,6,RUN,3.019859359162157e-11,3.489842482900162e-10,+
20,7,RUN,3.019859359162157e-11,3.489842482900162e-10,+
20,8,RUN,2.491311449611175e-06,1.4947868697667051e-05,+
20,9,RUN,3.019859359162157e-11,3.489842482900162e-10,+
20,10,RUN,0.005084221723644086,0.010168443447288173,-
20,11,RUN,4.638965975341988e-05,0.0001855586390136795,-
20,12,RUN,0.009468269708615267,0.010168443447288173,+
20,1,GWO,2.9728686875000726e-11,3.489842482900162e-10,+
20,2,GWO,2.371469434621338e-10,1.6600286042349367e-09,+
20,3,GWO,2.9082020690834682e-11,3.489842482900162e-10,+
20,4,GWO,2.152635290039894e-06,1.0763176450199468e-05,+
20,5,GWO,3.3241530490778984e-06,1.3296612196311593e-05,-
20,6,GWO,3.019859359162157e-11,3.489842482900162e-10,+
20,7,GWO,3.019859359162157e-11,3.489842482900162e-10,+
20,8,GWO,1.77690788708274e-10,1.421526309666192e-09,+
20,9,GWO,1.0701785878647307e-09,6.421071527188384e-09,+
20,10,GWO,0.19579075835119908,0.39158151670239816,=
20,11,GWO,0.0005873732857736315,0.0017621198573208945,-
20,12,GWO,0.4289633888604326,0.4289633888604326,=
20,1,WOA,2.9728686875000726e-11,3.567442425000087e-10,+
20,2,WOA,3.3383888204288e-11,3.567442425000087e-10,+
20,3,WOA,3.2154814968177574e-11,3.567442425000087e-10,+
20,4,WOA,6.0583862553271e-11,4.395241960772149e-10,+
20,5,WOA,2.8314487598396363e-08,1.1325795039358545e-07,+
20,6,WOA,1.2860392091779297e-06,3.858117627533789e-06,+
20,7,WOA,3.019859359162157e-11,3.567442425000087e-10,+
20,8,WOA,1.3111030420756061e-08,6.55551521037803e-08,+
20,9,WOA,5.494052450965186e-11,4.395241960772149e-10,+
20,10,WOA,0.0009030694895713402,0.0009030694895713402,+
20,11,WOA,3.3241530490778984e-06,6.648306098155797e-06,+
20,12,WOA,6.121039395876217e-10,3.67262363752573e-09,+
20,1,HHO,2.9728686875000726e-11,3.489842482900162e-10,+
20,2,HHO,3.019859359162157e-11,3.489842482900162e-10,+
20,3,HHO,2.9082020690834682e-11,3.489842482900162e-10,+
20,4,HHO,2.9186091206737824e-09,1.4593045603368911e-08,+
20,5,HHO,0.05745954602854528,0.05745954602854528,=
20,6,HHO,3.019859359162157e-11,3.489842482900162e-10,+
20,7,HHO,3.019859359162157e-11,3.489842482900162e-10,+
20,8,HHO,3.645891492506237e-08,1.4583565970024949e-07,+
20,9,HHO,3.019859359162157e-11,3.489842482900162e-10,+
20,10,HHO,5.185675139382169e-07,1.5557025418146507e-06,+
20,11,HHO,4.117756415821909e-06,8.235512831643818e-06,+
20,12,HHO,2.154399276691175e-10,1.2926395660147052e-09,+
20,1,SCA,2.9728686875000726e-11,3.489842482900162e-10,+
20,2,SCA,3.019859359162157e-11,3.489842482900162e-10,+
20,3,SCA,2.9082020690834682e-11,3.489842482900162e-10,+
20,4,SCA,1.0923756225716862e-10,4.369502490286745e-10,+
20,5,SCA,1.9962775390084076e-05,3.992555078016815e-05,+
20,6,SCA,3.019859359162157e-11,3.489842482900162e-10,+
20,7,SCA,3.019859359162157e-11,3.489842482900162e-10,+
20,8,SCA,3.019859359162157e-11,3.489842482900162e-10,+
20,9,SCA,3.019859359162157e-11,3.489842482900162e-10,+
20,10,SCA,1.1023399461097623e-08,3.307019838329287e-08,-
20,11,SCA,6.356042543170036e-05,6.356042543170036e-05,+
20,12,SCA,3.019859359162157e-11,3.489842482900162e-10,+
20,1,LSHADE,0.00021084959412009466,0.000632548782360284,-
20,2,LSHADE,0.8418014501581275,0.8418014501581275,=
20,3,LSHADE,1.032443599435767e-11,1.2389323193229204e-10,-
20,4,LSHADE,3.815899440800449e-10,3.0527195526403593e-09,-
20,5,LSHADE,3.019859359162157e-11,3.3218452950783726e-10,-
20,6,LSHADE,5.858675152587995e-06,2.343470061035198e-05,-
20,7,LSHADE,1.3111030420756061e-08,7.866618252453637e-08,-
20,8,LSHADE,9.918628618948002e-11,8.926765757053202e-10,-
20,9,LSHADE,3.019859359162157e-11,3.3218452950783726e-10,-
20,10,LSHADE,5.092196223484032e-08,2.546098111742016e-07,-
20,11,LSHADE,0.0008119975751686967,0.0016239951503373934,-
20,12,LSHADE,3.4971115177179653e-09,2.4479780624025756e-08,-
