dim,fid,alg,mean,std,median,err_mean,rank
30,1,ABMO,42253330.64545624,216185590.69594643,7061.7762967061935,42253230.64545624,3.0
30,1,AS-ABMO,34234762.85824976,187465217.39459613,6196.611696403163,34234662.85824976,2.0
30,1,RUN,24638780444.113213,4431814572.1601715,25555374664.716705,24638780344.113213,7.0
30,1,GWO,4391089800.127166,869603465.7588824,4290089364.7271824,4391089700.127166,4.0
30,1,WOA,15409836616.059065,6428434392.808478,14578365623.777159,15409836516.059065,5.0
30,1,HHO,16638373768.84239,4663068059.874477,15293797941.889286,16638373668.84239,6.0
30,1,SCA,27022106330.442028,3670068250.4362698,27473966412.931225,27022106230.442028,8.0
30,1,LSHADE,2752.2934481616317,3861.4950773480236,1661.6419355913092,2652.2934481616317,1.0
30,2,ABMO,2832.791702146615,4079.0707003702983,991.4420923656751,2632.791702146615,3.0
30,2,AS-ABMO,331.1680540392494,315.33128472857857,200.00014880103654,131.1680540392494,2.0
30,2,RUN,52124.0891291095,6630.078368582966,52677.76088197988,51924.0891291095,6.0
30,2,GWO,11542.56634360224,3051.216274243133,11559.821888477261,11342.56634360224,4.0
30,2,WOA,49968.009880985206,11490.4153297495,48904.3843525549,49768.009880985206,5.0
30,2,HHO,54883.22459590098,12345.39677030265,53521.678484976444,54683.22459590098,7.0
30,2,SCA,61603.042827464255,8173.643441436209,62982.89851296606,61403.042827464255,8.0
30,2,LSHADE,200.0040035592091,0.01098069959657731,200.00091178283986,0.004003559209110108,1.0
30,3,ABMO,407.7363621522324,67.58947954549716,390.87162746303534,107.7363621522324,3.0
30,3,AS-ABMO,363.0056549228105,35.7100976993275,360.92522131983833,63.00565492281049,2.0
30,3,RUN,2765.331407063231,775.3726344672117,2699.3374669457307,2465.331407063231,6.0
30,3,GWO,700.8947452580175,119.88282976652208,700.1444988400219,400.89474525801745,4.0
30,3,WOA,2539.41238613541,1363.3682991196501,2100.70359592986,2239.41238613541,5.0
30,3,HHO,3091.082989925905,833.7295801993405,2983.9371127835702,2791.082989925905,7.0
30,3,SCA,4389.689563804016,1053.7666172533288,4354.287854097253,4089.689563804016,8.0
30,3,LSHADE,341.31560754605675,19.09536684536084,333.0786840702773,41.315607546056754,1.0
30,4,ABMO,2561.4651226900196,1405.1700166436851,2097.165879630098,2161.4651226900196,3.0
30,4,AS-ABMO,826.2607416575833,206.23223423272697,777.579046875866,426.26074165758325,2.0
30,4,RUN,27973.13560108306,4418.918879345533,28051.63145608653,27573.13560108306,6.0
30,4,GWO,5200.868145735429,629.2874229532467,5156.170270007322,4800.868145735429,4.0
30,4,WOA,34125.18257692425,9068.807880725186,34405.06072970736,33725.18257692425,7.0
30,4,HHO,26076.764685738854,5297.476085400337,25584.938635070073,25676.764685738854,5.0
30,4,SCA,38185.30578652943,5160.90520144301,38143.0468118366,37785.30578652943,8.0
30,4,LSHADE,505.2394989766297,16.129097344594985,506.5223822130901,105.2394989766297,1.0
30,5,ABMO,500.0011135717353,0.0015917209307286777,500.0004800899695,0.0011135717352885877,3.0
30,5,AS-ABMO,500.00058841209534,0.0008478291536181629,500.00021911061845,0.0005884120953396632,2.0
30,5,RUN,500.01042800021605,0.006353146224351553,500.010040314864,0.010428000216052169,5.0
30,5,GWO,500.01145013933007,0.006036838967411664,500.00984749417125,0.011450139330065667,6.0
30,5,WOA,500.0102036532196,0.005849448063622811,500.00797618429823,0.010203653219605258,4.0
30,5,HHO,500.01231696838806,0.008161108122511876,500.01130592746404,0.012316968388063287,7.0
30,5,SCA,500.0318811647007,0.0061433384469715795,500.03055174014975,0.031881164700678255,8.0
30,5,LSHADE,500.00056370468286,0.00029577169623332984,500.000532444548,0.0005637046828610437,1.0
30,6,ABMO,19442.73978402313,34110.41634892259,1860.6179886480604,18842.73978402313,3.0
30,6,AS-ABMO,3809.9873800134765,8055.646682832159,1185.6495215951118,3209.9873800134765,2.0
30,6,RUN,1008458.121588475,185065.5759120045,1024074.7449724257,1007858.121588475,7.0
30,6,GWO,191429.9766822196,30255.909486037242,186116.3570908481,190829.9766822196,4.0
30,6,WOA,745266.7085319337,244794.8170337369,785745.1837258128,744666.7085319337,5.0
30,6,HHO,840881.1334395766,211768.4147549829,838461.4597925346,840281.1334395766,6.0
30,6,SCA,1308459.960313623,192686.56664425757,1288844.9348600172,1307859.960313623,8.0
30,6,LSHADE,756.5765059400417,22.425621062819904,752.6111373700719,156.57650594004167,1.0
30,7,ABMO,1250.1579702677204,117.75650073669267,1226.0,550.1579702677204,5.0
30,7,AS-ABMO,966.3684135263908,85.90932156580507,953.5,266.3684135263908,2.0
30,7,RUN,1241.9216841372677,48.747948702757235,1242.3994138574844,541.9216841372677,4.0
30,7,GWO,1136.5520812285972,46.55921522590437,1138.6095165324375,436.5520812285972,3.0
30,7,WOA,1570.2862268932238,126.2196758436263,1560.7827222186675,870.2862268932238,8.0
30,7,HHO,1339.6844525184374,68.27506190730611,1339.6811905753239,639.6844525184374,7.0
30,7,SCA,1329.895198119784,52.07575546307819,1342.448235658812,629.895198119784,6.0
30,7,LSHADE,837.2622991077545,25.58451884561836,829.3526295088307,137.26229910775453,1.0
30,8,ABMO,814.1752477499342,5.845700919398065,812.879415560519,14.175247749934215,4.0
30,8,AS-ABMO,806.2521865371847,4.207694994099592,805.2708056716954,6.252186537184684,3.0
30,8,RUN,815.9117060714224,1.822370518744137,815.6426315892146,15.911706071422373,5.0
30,8,GWO,805.0389928115578,1.909394719236064,804.5990733862858,5.038992811557819,2.0
30,8,WOA,823.9302048394673,8.806380194272025,821.0842156129221,23.93020483946725,8.0
30,8,HHO,818.3002198862594,4.28450214269403,817.3063049758671,18.300219886259356,6.0
30,8,SCA,820.1426346660061,4.246107764107916,820.2933464615584,20.142634666006074,7.0
30,8,LSHADE,800.5693025370407,0.6323372162465343,800.5438522726333,0.5693025370406986,1.0
30,9,ABMO,5160.573509899507,684.615110654271,5075.266927842923,4260.573509899507,3.0
30,9,AS-ABMO,4656.8382691012,911.9754182057151,4453.983031806869,3756.8382691012002,2.0
30,9,RUN,8564.967600992772,306.74161744634426,8580.412472500579,7664.967600992772,7.0
30,9,GWO,8309.263290488736,340.2717257576674,8300.547818759856,7409.263290488736,6.0
30,9,WOA,6791.120621883462,1124.576974577202,6657.926340978682,5891.120621883462,4.0
30,9,HHO,7020.699337850328,925.9075293467488,7068.990267763113,6120.699337850328,5.0
30,9,SCA,8598.005482398994,266.6888748861306,8601.827376323126,7698.005482398994,8.0
30,9,LSHADE,4634.125789212778,349.19736747725767,4643.672046301641,3734.125789212778,1.0
30,10,ABMO,136773.24146681477,220477.4796556956,82405.81624894564,135773.24146681477,3.0
30,10,AS-ABMO,25513.184813202577,19248.598432860297,22196.499455957688,24513.184813202577,2.0
30,10,RUN,36773156.92489958,54774854.22877698,15911828.42083501,36772156.92489958,7.0
30,10,GWO,5846950.50718022,5144835.644535836,5052689.58147168,5845950.50718022,4.0
30,10,WOA,34614208.54321771,73043402.31742628,954076.8169249356,34613208.54321771,6.0
30,10,HHO,27685541.231393475,35659887.47076538,11738769.253207508,27684541.231393475,5.0
30,10,SCA,173506721.19221175,95491847.17387986,156329446.0411687,173505721.19221175,8.0
30,10,LSHADE,8954.167865702977,8527.575580425268,5620.5357443639205,7954.167865702977,1.0
30,11,ABMO,3525818.6862417595,9097846.816428449,335386.8575889548,3524718.6862417595,2.0
30,11,AS-ABMO,4504975.017512276,23273207.868291687,32982.67413229748,4503875.017512276,3.0
30,11,RUN,3804790700.3136597,1281021714.4492857,3814763058.668165,3804789600.3136597,8.0
30,11,GWO,534018636.92205167,100839088.40307456,547095578.6124349,534017536.92205167,5.0
30,11,WOA,499335341.8592584,880218250.2425232,102143288.92699495,499334241.8592584,4.0
30,11,HHO,768913856.0225258,676163939.4891554,605115536.2977228,768912756.0225258,6.0
30,11,SCA,3331937595.034422,721636064.2510623,3233057562.418088,3331936495.034422,7.0
30,11,LSHADE,21052.512804129852,16815.291229258102,16653.27213686771,19952.512804129852,1.0
30,12,ABMO,6568857.919609774,19920461.24843492,46949.495780313235,6567657.919609774,3.0
30,12,AS-ABMO,35275.445711339176,74946.62558029262,16534.81929531359,34075.445711339176,2.0
30,12,RUN,1874503376.2891626,777830901.2449466,1879147211.2120695,1874502176.2891626,7.0
30,12,GWO,263329208.72287402,96401811.54384962,271453178.1228241,263328008.72287402,4.0
30,12,WOA,476744298.98386073,549089786.0268642,250112764.17226782,476743098.98386073,5.0
30,12,HHO,957636749.6874291,673960689.3562374,845016602.0566816,957635549.6874291,6.0
30,12,SCA,2405518869.6563563,685262988.4267999,2453063962.1742477,2405517669.6563563,8.0
30,12,LSHADE,7130.478973739321,4649.956452151452,7567.581026500475,5930.478973739321,1.0
30,13,ABMO,241875.5926298649,204389.59807522153,184901.37906549487,240575.5926298649,3.0
30,13,AS-ABMO,179459.36544070908,139338.9100999243,152544.49612758536,178159.36544070908,2.0
30,13,RUN,2707190.720277295,1826831.2537366329,2093856.7358990833,2705890.720277295,6.0
30,13,GWO,887058.8847937672,516771.09698733944,787715.2210883924,885758.8847937672,4.0
30,13,WOA,1455604.4321701066,1196112.73930012,974697.1627276393,1454304.4321701066,5.0
30,13,HHO,5573433.175353331,4931910.871060149,4383492.300948599,5572133.175353331,8.0
30,13,SCA,3574734.220798821,1647792.5406422196,3163508.2897156095,3573434.220798821,7.0
30,13,LSHADE,15058.377026369379,10089.611751245804,11625.693562625103,13758.377026369379,1.0
30,14,ABMO,70283.6018120746,39228.46158617425,62374.5930606692,68883.6018120746,3.0
30,14,AS-ABMO,35916.215647826255,20200.026657313236,32466.573930040617,34516.215647826255,2.0
30,14,RUN,449033138.829099,248022154.95023164,427720958.81447023,449031738.829099,7.0
30,14,GWO,53229160.23383875,20540676.190769948,51713256.948719434,53227760.23383875,4.0
30,14,WOA,117481483.997658,247783249.2188547,21893718.324846875,117480083.997658,5.0
30,14,HHO,222754865.90413,163112906.50144744,219411975.62422,222753465.90413,6.0
30,14,SCA,1009558099.4757035,379592002.780015,1081591050.5231671,1009556699.4757035,8.0
30,14,LSHADE,14093.851351691294,7439.928650879278,13880.504587318708,12693.851351691294,1.0
30,15,ABMO,446927.5532724509,1584377.4793084261,21046.29120648325,445427.5532724509,3.0
30,15,AS-ABMO,11420.773528088754,20088.457634637645,2575.7856404052345,9920.773528088754,2.0
30,15,RUN,5648203.006388199,4815399.322497761,4779080.9682225045,5646703.006388199,6.0
30,15,GWO,2996069.1703401315,2203437.2076969827,2593614.7605864657,2994569.1703401315,4.0
30,15,WOA,4161005.484423283,9306720.060841944,1628274.7195771344,4159505.484423283,5.0
30,15,HHO,6749405.728511141,7843829.328004643,3266258.5591493235,6747905.728511141,7.0
30,15,SCA,23156877.26380012,15236170.408628143,18077801.427008122,23155377.26380012,8.0
30,15,LSHADE,1756.520472494188,297.9444820750027,1638.1518169349006,256.52047249418797,1.0
30,16,ABMO,22799.632608325745,24489.95664027369,10365.067801178197,21199.632608325745,3.0
30,16,AS-ABMO,6301.625595495864,11283.4790710891,3154.447174423877,4701.625595495864,2.0
30,16,RUN,486033783.1406322,2398611112.5193305,8386681.336369103,486032183.1406322,5.0
30,16,GWO,6501289.285989522,9438545.436998894,1737736.7281077201,6499689.285989522,4.0
30,16,WOA,208164530901.32535,1137700926163.5203,122868.46905286853,208164529301.32535,8.0
30,16,HHO,29535741758.539146,75261738843.58897,69711475.16130318,29535740158.539146,7.0
30,16,SCA,27238774407.45691,32669437158.650944,16587156997.782215,27238772807.45691,6.0
30,16,LSHADE,2238.119238167601,461.4974480249302,2056.1775421189013,638.119238167601,1.0
30,17,ABMO,378755.36977362336,1439772.8405399637,102917.76778616048,377055.36977362336,3.0
30,17,AS-ABMO,113539.56440627825,200128.7570965653,63671.301085991545,111839.56440627825,2.0
30,17,RUN,1129561.8347044368,886500.5646082762,940051.8326833425,1127861.8347044368,5.0
30,17,GWO,1497161.5010358829,934964.8473647467,1327851.3593637217,1495461.5010358829,6.0
30,17,WOA,1129444.572433026,3405438.802740118,295401.7461599981,1127744.572433026,4.0
30,17,HHO,2024175.8466690069,1559164.749579223,1484450.6905543515,2022475.8466690069,7.0
30,17,SCA,7355339.73349523,3923347.6934668384,6259331.241935255,7353639.73349523,8.0
30,17,LSHADE,22430.724513972607,19006.211383713,17771.936520493728,20730.724513972607,1.0
30,18,ABMO,278317837.7193686,1453095749.5780323,65855.14858113002,278316037.7193686,3.0
30,18,AS-ABMO,28182.60012099254,28926.487245023334,17666.398717149703,26382.60012099254,2.0
30,18,RUN,7362305219.539346,17955687721.041718,3034186647.4668093,7362303419.539346,6.0
30,18,GWO,2053949278.1594965,1636274335.6834521,1793397448.0498781,2053947478.1594965,4.0
30,18,WOA,2759404133.605638,6624680232.810105,519486334.8375931,2759402333.605638,5.0
30,18,HHO,43327555943.60646,51074255138.70729,23975142208.939384,43327554143.60646,8.0
30,18,SCA,23252309100.93503,10100908120.400782,22177039454.626778,23252307300.93503,7.0
30,18,LSHADE,2729.136955126788,1868.7734115456558,1924.1202005127639,929.136955126788,1.0
30,19,ABMO,2877.4235707916173,587.5915686976283,2801.6238264044023,977.4235707916173,3.0
30,19,AS-ABMO,2478.529072461307,341.6041167336886,2384.443155856039,578.5290724613069,2.0
30,19,RUN,5753.549635508771,755.3897378517773,5735.41038104584,3853.5496355087707,5.0
30,19,GWO,3109.627373476998,315.6400036778256,3070.7269685193132,1209.627373476998,4.0
30,19,WOA,11767.188398639897,3065.560989684023,11699.958556732783,9867.188398639897,8.0
30,19,HHO,9928.598905207347,2718.451888342658,9779.582151512426,8028.598905207347,7.0
30,19,SCA,5976.65788590936,718.411490244219,5770.73018316222,4076.6578859093597,6.0
30,19,LSHADE,2132.4061627240485,142.8411006724583,2167.66332790355,232.4061627240485,1.0
30,20,ABMO,4052.4650305659393,1160.8847845398625,3878.8297077609723,2052.4650305659393,3.0
30,20,AS-ABMO,2651.87157077911,236.3081706732252,2668.6862341156348,651.8715707791098,2.0
30,20,RUN,13995.250532174314,4959.2011562389835,15259.913452546567,11995.250532174314,5.0
30,20,GWO,5140.59327973294,1032.2521939545377,5309.3549839250445,3140.5932797329397,4.0
30,20,WOA,20780.27947241735,9457.828388507316,20955.735088277914,18780.27947241735,8.0
30,20,HHO,15690.704747496588,5279.609240138146,16445.765464772878,13690.704747496588,6.0
30,20,SCA,18615.455885432915,6184.8468471453025,17698.731488339472,16615.455885432915,7.0
30,20,LSHADE,2265.062712247523,105.30372189577278,2307.207438026256,265.062712247523,1.0
30,21,ABMO,2693.9676731929258,592.4911464875092,2550.98268844381,593.9676731929258,5.0
30,21,AS-ABMO,2324.355914696236,27.868600625181838,2316.8475147420336,224.35591469623614,2.0
30,21,RUN,2541.093402581227,52.05464343003701,2528.882092453631,441.0934025812271,4.0
30,21,GWO,2361.2444390113315,13.653751940099514,2357.837026635598,261.24443901133145,3.0
30,21,WOA,3936.6194236692945,871.56573938762,3874.5891785540857,1836.6194236692945,7.0
30,21,HHO,4252.429501392164,739.8281983526715,4246.371020426592,2152.4295013921637,8.0
30,21,SCA,2921.806298105487,128.40902275471632,2882.600830178232,821.8062981054868,6.0
30,21,LSHADE,2272.466345194176,4.980199671372809,2271.148509475193,172.46634519417603,1.0
30,22,ABMO,6701.439888196613,2472.2851065495183,6228.387890589193,4501.439888196613,3.0
30,22,AS-ABMO,3690.658125080707,1799.2641996802836,2652.767465345368,1490.6581250807071,2.0
30,22,RUN,29519.445808689747,8792.369670914199,27072.53718298515,27319.445808689747,6.0
30,22,GWO,10472.208576836985,1381.6747235673786,10577.17995430978,8272.208576836985,4.0
30,22,WOA,29194.54940520769,9291.170309264844,28961.242409687133,26994.54940520769,5.0
30,22,HHO,29765.35960187383,6147.338551765937,29255.26330560474,27565.35960187383,7.0
30,22,SCA,34440.53592867522,4765.5097973346565,33596.306409538316,32240.53592867522,8.0
30,22,LSHADE,2429.6288558128977,77.287932183707,2400.0013184819613,229.62885581289765,1.0
30,23,ABMO,4641.884443264059,2076.8365196678806,4404.768951211135,2341.884443264059,3.0
30,23,AS-ABMO,2676.978196973464,451.53682553394884,2500.001346846989,376.97819697346404,2.0
30,23,RUN,20708.643892665372,4482.260781092251,20646.79584014305,18408.643892665372,6.0
30,23,GWO,7869.726209551774,564.1021549096632,7852.1442058365,5569.726209551774,4.0
30,23,WOA,22343.66115664794,7081.8421484033115,21206.047164678137,20043.66115664794,8.0
30,23,HHO,18096.43791966944,4268.492271144941,17767.06309533914,15796.437919669439,5.0
30,23,SCA,20890.003143328053,1858.7376209100773,20465.839656907374,18590.003143328053,7.0
30,23,LSHADE,2507.843222640999,42.95662372886522,2500.000399464398,207.8432226409991,1.0
30,24,ABMO,2861.331195856076,43.60181072822121,2849.260137266112,461.3311958560762,3.0
30,24,AS-ABMO,2834.002615214244,16.960397898917908,2827.3277352966384,434.0026152142441,2.0
30,24,RUN,3823.1878057242907,319.68984079826794,3797.824043055637,1423.1878057242907,6.0
30,24,GWO,3008.239800744051,62.8750970714373,2997.5793470987664,608.2398007440511,4.0
30,24,WOA,3790.9120044275774,471.4498799996794,3629.0164054347692,1390.9120044275774,5.0
30,24,HHO,3874.198174740004,286.87016084286256,3847.3666587833936,1474.198174740004,7.0
30,24,SCA,4415.60696183052,257.8295452196807,4368.4976262588225,2015.60696183052,8.0
30,24,LSHADE,2822.022262089345,2.739997743977667,2821.3262215288923,422.0222620893451,1.0
30,25,ABMO,3479.3503909014353,149.22256978285196,3414.3431220985826,979.3503909014353,4.0
30,25,AS-ABMO,3416.024509720734,90.0694558516832,3396.022151591467,916.0245097207339,2.0
30,25,RUN,3571.942399010295,89.81800095069858,3553.608399874094,1071.942399010295,5.0
30,25,GWO,3438.9114107028086,39.19994294959006,3420.9006469730984,938.9114107028086,3.0
30,25,WOA,4680.631449006604,1439.3846765758456,3967.8547746767767,2180.6314490066043,6.0
30,25,HHO,5683.070472130959,2013.4588363459156,5293.62904836929,3183.0704721309594,7.0
30,25,SCA,6096.175640427138,637.6008055527229,5938.388762975005,3596.175640427138,8.0
30,25,LSHADE,3328.5571260055012,1.9750184731398972,3327.9764635916126,828.5571260055012,1.0
30,26,ABMO,3261.8751312153795,137.63547049459717,3204.701408244823,661.8751312153795,4.0
30,26,AS-ABMO,3168.088540711073,52.94490554413135,3156.4507083198164,568.0885407110732,2.0
30,26,RUN,3367.523067250242,82.46332381542963,3363.3992831926153,767.5230672502421,5.0
30,26,GWO,3185.596975442617,18.796189591417757,3182.0241104497427,585.5969754426169,3.0
30,26,WOA,3787.2250116851783,311.84645210227376,3771.417076800578,1187.2250116851783,6.0
30,26,HHO,4008.0339153438276,434.44549735850717,3958.878426071327,1408.0339153438276,8.0
30,26,SCA,3837.8036441764357,137.39444539166942,3848.670061492125,1237.8036441764357,7.0
30,26,LSHADE,3116.381347626634,12.507958875202409,3112.1451604145323,516.3813476266341,1.0
30,27,ABMO,3293.0281282185774,234.68511557698068,3244.7458090653254,593.0281282185774,4.0
30,27,AS-ABMO,3084.891090759892,124.31943186604128,3116.664280373031,384.891090759892,2.0
30,27,RUN,3832.8432250807364,215.77785074218312,3809.805241975257,1132.8432250807364,6.0
30,27,GWO,3255.677709336144,27.768511257901366,3255.2748970173907,555.6777093361438,3.0
30,27,WOA,3560.575195776802,338.8082914854636,3477.6035035816367,860.575195776802,5.0
30,27,HHO,3997.717087897904,310.63154651149654,4005.730037304377,1297.717087897904,7.0
30,27,SCA,4354.623056711465,194.08781653311803,4349.54004856927,1654.6230567114653,8.0
30,27,LSHADE,2720.0419273667353,48.66902535857801,2700.0688155503112,20.041927366735308,1.0
30,28,ABMO,20614311.435869433,43786832.4514109,498456.68899086316,20611511.435869433,3.0
30,28,AS-ABMO,13507930.131450158,61846958.36886691,55021.64959717117,13505130.131450158,2.0
30,28,RUN,1429710313.0643017,1004789637.0491384,1150859486.8141325,1429707513.0643017,6.0
30,28,GWO,208804665.0524365,253759863.1202856,117977917.3707641,208801865.0524365,4.0
30,28,WOA,807151197.1235915,1521045834.4467099,540166497.2934268,807148397.1235915,5.0
30,28,HHO,5080649797.56674,8173744319.038855,2217176035.9508905,5080646997.56674,7.0
30,28,SCA,11098239325.334736,7696143899.644393,9265807105.220066,11098236525.334736,8.0
30,28,LSHADE,7384.095015954527,2753.8497919416986,6386.2365477746935,4584.095015954527,1.0
30,29,ABMO,427529980.45411086,1427055043.8731236,739322.1238457554,427527080.45411086,4.0
30,29,AS-ABMO,773789.9898687239,3587609.702021831,46850.87300905373,770889.9898687239,2.0
30,29,RUN,1493170364.6761315,804413725.2550497,1252461622.802557,1493167464.6761315,6.0
30,29,GWO,275106824.4444324,178622466.4536794,199962842.28067732,275103924.4444324,3.0
30,29,WOA,1468791070.9115524,2342296424.4192276,905591928.9202456,1468788170.9115524,5.0
30,29,HHO,8225414973.869861,9580537202.192696,3954574848.5351515,8225412073.869861,8.0
30,29,SCA,4936438544.433516,1903750416.8201544,4749536040.366264,4936435644.433516,7.0
30,29,LSHADE,20829.05458087818,14359.104770077252,16645.53734211718,17929.05458087818,1.0
