fid,mean,std,min,paper_ave,ratio
1,300.00000000000006,5.585476224502116e-14,300.0,1350.0,0.22222222222222227
2,423.88951690409874,50.795931906322764,400.1371070165987,406.0,1.0440628495174846
3,600.0009594397317,0.005255067835290441,600.0,626.0,0.9584679863254499
4,876.5833333333371,32.38163680697498,820.0,836.0,1.0485446570972932
5,901.9227401041986,2.1495481023522167,900.0000000000006,1110.0,0.8125430091028817
6,24885.977238966254,16519.864619948192,3354.398607910212,3210.0,7.752640884413164
7,2061.1116028625784,54.674273342115896,2019.8483328286547,2080.0,0.9909190398377781
8,2285.8191284517575,162.59066668288813,2203.1451759499496,2260.0,1.0114243931202467
9,2681.7477968993667,51.23250350679849,2659.0943447803697,2530.0,1.059979366363386
10,2879.8919062771092,406.36384338115886,2620.8726497489797,2630.0,1.0950159339456689
11,2809.1191795153313,376.1845728261719,2600.0000000000005,2710.0,1.0365753429945872
12,2895.1483656927603,51.320424783725834,2866.0393991245464,2870.0,1.0087624967570594
