dim,fid,alg,mean,std,median,rank
10,1,ABMO,300.00000000000006,1.3762763674989808e-13,300.00000000000006,2.5
10,1,AS-ABMO,300.00000000000006,7.611721041621265e-14,300.00000000000006,2.5
10,1,RUN,956.837480997512,364.61595857907486,1011.6059295737521,5.0
10,1,GWO,426.80646308789585,51.19966310319822,419.77611723925986,4.0
10,1,WOA,3593.7334618739815,3144.891091792715,2749.661766785548,8.0
10,1,HHO,1398.02818064988,795.1303065476535,1131.2882264489535,7.0
10,1,SCA,1395.191447220305,499.52472642220073,1196.0288956848776,6.0
10,1,LSHADE,300.0,0.0,300.0,1.0
10,2,ABMO,413.7352533156162,18.77325959603812,408.57868906352286,3.0
10,2,AS-ABMO,411.59879962911407,16.605718286622047,408.9161019277813,2.0
10,2,RUN,458.7731640232169,55.80713283013584,450.93618627502826,6.0
10,2,GWO,436.8693609177064,24.44052504982562,424.4913860239023,4.0
10,2,WOA,445.73014216273407,51.7133401752137,427.2360371348507,5.0
10,2,HHO,517.976905127996,89.71036866058895,505.5330167965468,7.0
10,2,SCA,526.8715623223786,27.01719142388079,524.3204762863245,8.0
10,2,LSHADE,406.2798629512238,3.5188803837906675,408.9161019277813,1.0
10,3,ABMO,600.0007286230326,0.003990832708362503,600.0000000000001,3.0
10,3,AS-ABMO,600.0000000000001,1.4003529987608993e-13,600.0000000000001,2.0
10,3,RUN,600.0194067074771,0.008213448898009488,600.0173700580563,7.0
10,3,GWO,600.0082756117379,0.00216336490983613,600.0080950839235,6.0
10,3,WOA,600.0012319803333,0.003478800819394474,600.000107380238,4.0
10,3,HHO,600.0067093187029,0.005429698849967754,600.0048765404114,5.0
10,3,SCA,600.0457007940129,0.015543959746102096,600.0441823473817,8.0
10,3,LSHADE,600.0,0.0,600.0,1.0
10,4,ABMO,879.7866171355379,35.81718273293539,875.0,7.0
10,4,AS-ABMO,842.6329973348288,20.21835206966641,840.0,4.0
10,4,RUN,840.5591586835202,10.4167451391818,838.0027826004016,2.0
10,4,GWO,841.2460444087299,10.187972761314658,840.2814361501029,3.0
10,4,WOA,896.7934212935742,34.86462490160815,896.878051185723,8.0
10,4,HHO,862.3005868338013,27.874135603376846,850.0000000000008,6.0
10,4,SCA,861.9009119882427,14.00049980952639,863.6945541985763,5.0
10,4,LSHADE,813.9528714910513,3.6343392999289588,814.019058247588,1.0
10,5,ABMO,902.1503579165542,1.5214535711218464,901.545359361904,7.0
10,5,AS-ABMO,901.0821696447716,1.3793680922492546,900.5438522690077,5.0
10,5,RUN,901.0091184763882,0.4349662560677742,900.9331470911101,4.0
10,5,GWO,900.1358588796439,0.20770633193923319,900.0755803158152,2.0
10,5,WOA,902.7811217031091,1.5215151247712941,902.5252118267958,8.0
10,5,HHO,901.4651309355628,0.9077861139647214,901.1566099416527,6.0
10,5,SCA,900.456171921634,0.09219583654587438,900.4661414616855,3.0
10,5,LSHADE,900.0,0.0,900.0,1.0
10,6,ABMO,24123.905699841016,14827.302448300683,22720.407224984127,3.0
10,6,AS-ABMO,16235.18563755624,12267.163860236724,14247.169929138287,2.0
10,6,RUN,36245.998088743916,65955.3518774063,20183.20658988328,5.0
10,6,GWO,1217993.8828757305,975059.4201887395,956608.1823928851,7.0
10,6,WOA,26016.080767214204,14690.93985055143,24190.510033228136,4.0
10,6,HHO,40813.92637374789,24071.36313817629,37461.311985752094,6.0
10,6,SCA,3921917.227165121,2405494.5862730728,3066319.5181558346,8.0
10,6,LSHADE,1802.1197156886808,4.573226401864655,1801.2443098108479,1.0
10,7,ABMO,2071.7641980927087,49.776020699368374,2036.9182033947054,3.0
10,7,AS-ABMO,2040.7489747269462,33.69931573785515,2027.5380498568416,2.0
10,7,RUN,2107.249059030569,42.791818844527185,2109.8356703703607,5.0
10,7,GWO,2071.810542278229,34.84303320540757,2061.039594945223,4.0
10,7,WOA,2267.142071231673,181.43033687448587,2218.2294466280846,8.0
10,7,HHO,2240.7747109084435,164.08831781474078,2210.4769370177255,7.0
10,7,SCA,2107.4046021677123,18.71173508103415,2102.853866482686,6.0
10,7,LSHADE,2012.0300314351487,6.134385105375145,2011.0266172362958,1.0
10,8,ABMO,2314.476504752759,187.7227448975447,2226.5895071781797,3.0
10,8,AS-ABMO,2245.406152867537,79.35680915510852,2222.461783996456,2.0
10,8,RUN,2792.9231947993876,554.2217183742797,2688.8825443992864,6.0
10,8,GWO,2395.117095246759,180.06523632827702,2326.8319071092874,4.0
10,8,WOA,4557.118893781589,1708.9915387122273,4121.07892244073,8.0
10,8,HHO,3497.148654654745,1104.8465552575938,3160.110968491491,7.0
10,8,SCA,2664.257514309045,245.7372327462498,2601.054606058935,5.0
10,8,LSHADE,2212.8237691792524,9.17942631071501,2213.511901936823,1.0
10,9,ABMO,2668.86501090844,94.45910106842693,2669.9838898414373,6.0
10,9,AS-ABMO,2627.1560400004114,138.46857822251872,2664.5424353740545,5.0
10,9,RUN,2539.9901778940357,187.46417101526282,2675.414605859294,3.0
10,9,GWO,2620.177530493529,128.2300158437365,2673.8092000943716,4.0
10,9,WOA,2741.3016402768376,172.91983260043804,2745.6889034415913,7.0
10,9,HHO,2853.088517725588,180.79300784426817,2822.367523970779,8.0
10,9,SCA,2531.6842837044287,88.41397972941013,2521.592623847141,2.0
10,9,LSHADE,2419.698114926787,172.17256009312186,2300.0000000000005,1.0
10,10,ABMO,2913.8692559757965,457.76932690926157,2749.7806828595794,8.0
10,10,AS-ABMO,2788.3288767805266,336.1197637329576,2631.6514008729882,6.0
10,10,RUN,2689.598769583022,58.10952923997562,2647.150392481766,3.0
10,10,GWO,2734.9348989568925,212.94388431869956,2631.2090302106108,4.0
10,10,WOA,2878.6807810906375,432.83887672709096,2765.7731769343773,7.0
10,10,HHO,2775.011654253865,305.53755777959447,2662.7867065409537,5.0
10,10,SCA,2646.547046322045,24.26135866861471,2641.2490107523804,2.0
10,10,LSHADE,2628.7803980738545,23.97815375763502,2621.1220572825237,1.0
10,11,ABMO,2782.4353291404786,353.7855681601841,2609.736707273859,7.0
10,11,AS-ABMO,2782.9066252875523,353.00968296659164,2619.8680584196154,8.0
10,11,RUN,2640.3605786375742,158.8838005589629,2611.11729895665,3.0
10,11,GWO,2782.3769904439023,354.1372431105435,2608.847798459018,6.0
10,11,WOA,2702.0325405020035,270.8613722550763,2608.223952022744,4.0
10,11,HHO,2726.9850924393227,278.8506798773925,2632.20624394496,5.0
10,11,SCA,2632.119408670396,5.206359717738638,2632.5284180284752,2.0
10,11,LSHADE,2629.2022966108852,159.94756584738323,2600.0000000000005,1.0
10,12,ABMO,2892.234074248949,56.42774432921208,2870.791640843414,5.0
10,12,AS-ABMO,2870.440570375261,8.265273257760366,2868.024363933998,3.0
10,12,RUN,2871.60751672145,1.9531317491434481,2871.1837020473067,4.0
10,12,GWO,2870.1530065103843,5.843930117836555,2869.0508404448374,2.0
10,12,WOA,3012.0474340795167,122.85948930000272,2976.07559776791,8.0
10,12,HHO,3011.485096121826,92.31125141260105,2994.388306413609,7.0
10,12,SCA,2916.9017110654536,13.906305528499203,2917.0276913384923,6.0
10,12,LSHADE,2865.231924725134,0.7963746337060056,2865.1921911681898,1.0
20,1,ABMO,307.1318129931812,26.18797229185836,300.00000000000045,3.0
20,1,AS-ABMO,300.0000002123,1.1617887488334214e-06,300.0000000000006,2.0
20,1,RUN,10598.417956554647,2859.293674908779,10699.123532677237,5.0
20,1,GWO,1875.6777737684242,595.0548056583494,1663.8400554358655,4.0
20,1,WOA,11266.637679524994,5785.512176636312,10203.068215588646,6.0
20,1,HHO,11593.193406875307,3434.023860529,11241.368194469294,7.0
20,1,SCA,13875.99189147437,2828.6570862753856,13420.384035352732,8.0
20,1,LSHADE,300.00000000000074,1.373561616011303e-12,300.00000000000017,1.0
20,2,ABMO,461.46478453473634,26.341439413471566,449.0844881193383,3.0
20,2,AS-ABMO,451.4585938913822,23.951466404363085,449.08450443718806,1.0
20,2,RUN,869.0282831979529,135.76163258571702,828.7512873635162,7.0
20,2,GWO,516.4803923379193,21.880709774191622,516.7255185704246,4.0
20,2,WOA,692.3137744516425,131.72127067987742,671.3388564281427,5.0
20,2,HHO,837.9449869580368,158.55169203092223,812.6858567402667,6.0
20,2,SCA,1036.4764340202316,184.1482290390317,1044.475859411482,8.0
20,2,LSHADE,454.0743106338722,13.702902649818364,449.08448012994404,2.0
20,3,ABMO,600.0060566942835,0.016216510567375327,600.0000000000007,3.0
20,3,AS-ABMO,600.0017783917451,0.006791077686086886,600.0000000000005,2.0
20,3,RUN,600.3510495600829,0.11877503081479397,600.3145519814641,7.0
20,3,GWO,600.07949343787,0.014720933022344906,600.080672946946,4.0
20,3,WOA,600.2405186415273,0.15409173252457475,600.2067745178949,5.0
20,3,HHO,600.3210945810658,0.14813840991657154,600.2983380209523,6.0
20,3,SCA,600.5424858286801,0.10619710495348358,600.5458517658058,8.0
20,3,LSHADE,600.0,5.585476224502116e-14,600.0,1.0
20,4,ABMO,1048.2333333333333,63.18237605280574,1038.25,5.0
20,4,AS-ABMO,946.5500000000125,46.400681846938504,933.25,2.0
20,4,RUN,1001.9051249551017,30.334809362569775,994.0553028015437,3.0
20,4,GWO,1010.6474322109974,29.75783585284828,1006.8032094561769,4.0
20,4,WOA,1178.1684502903038,67.56665472708723,1178.2080039287575,8.0
20,4,HHO,1066.7112361251588,55.76401928773969,1066.4158853673407,6.0
20,4,SCA,1087.7242367008269,36.120694496440755,1091.2916557554047,7.0
20,4,LSHADE,870.9151553845069,16.683059302310493,871.1145953656097,1.0
20,5,ABMO,905.5673557948431,2.863497303298996,905.6032742608794,7.0
20,5,AS-ABMO,903.3664757555493,1.9775254419454695,902.9260904525518,3.0
20,5,RUN,903.9411271728521,0.5556405131965771,903.8384649614388,4.0
20,5,GWO,901.563261770856,0.9695103055760397,901.2903541884657,2.0
20,5,WOA,908.4017016680953,2.93270521989957,908.2288109924625,8.0
20,5,HHO,904.0904699206845,1.8293991780919794,903.502156007431,5.0
20,5,SCA,904.9431220600771,0.9445838485394629,905.0222618724611,6.0
20,5,LSHADE,900.0298427503393,0.048942612378202695,900.0000000000334,1.0
20,6,ABMO,71718.25920208992,34373.69425173129,66375.01415267156,3.0
20,6,AS-ABMO,52358.84931753143,21340.61001960568,51176.70061333115,2.0
20,6,RUN,138660552.01978335,119275229.49494812,105240451.77247784,7.0
20,6,GWO,41327232.93292418,17646368.48252578,37908708.27724275,5.0
20,6,WOA,7715847.094613616,33074172.047607515,275022.2374898419,4.0
20,6,HHO,62088723.270066135,103589374.23742147,22081638.106033668,6.0
20,6,SCA,550820396.1461395,239951659.45297578,452458891.97449076,8.0
20,6,LSHADE,27331.728492891263,9961.442815301445,26766.951625344722,1.0
20,7,ABMO,2155.8901111677196,218.05565079896155,2084.1850219124153,3.0
20,7,AS-ABMO,2063.080649165052,30.177732589004005,2054.8974642447906,2.0
20,7,RUN,2724.58345781053,348.85186092496104,2761.2430495750223,5.0
20,7,GWO,2264.837080324921,63.342649839219206,2253.65730390325,4.0
20,7,WOA,3422.6990270670667,623.4454805569959,3455.5113512136663,7.0
20,7,HHO,3992.848642588277,1111.283647835351,3812.2434925327725,8.0
20,7,SCA,3098.0881739914557,355.06023412360366,3091.2285956327446,6.0
20,7,LSHADE,2030.690865652862,4.658941334355828,2028.716947457813,1.0
20,8,ABMO,3381.2246982405563,1572.9386495866645,2557.92947208845,3.0
20,8,AS-ABMO,3047.741668273614,884.391022054467,2689.5621747540404,2.0
20,8,RUN,4669.599527149732,1655.9081268708962,4071.0621726412996,4.0
20,8,GWO,11868.0510535255,17028.23232379262,6820.714446480357,6.0
20,8,WOA,5752.827958629025,1790.162461410196,5597.831601295698,5.0
20,8,HHO,130273.93638782414,683060.4243779149,5063.963688470287,7.0
20,8,SCA,34186075.157246284,63462736.36671072,5115485.842801375,8.0
20,8,LSHADE,2228.279651954253,3.900893804207278,2227.296901078169,1.0
20,9,ABMO,2669.8150624320656,49.96537390673638,2646.3758063644955,3.0
20,9,AS-ABMO,2645.2747771038703,24.61043709037294,2635.7974494008968,2.0
20,9,RUN,2971.4102563952224,112.74468308154098,2983.3884562318444,6.0
20,9,GWO,2708.153339100337,35.17377937978387,2703.3815125314914,4.0
20,9,WOA,2906.1094347882376,167.2760433160924,2868.553282963933,5.0
20,9,HHO,3348.466926703169,587.0905706252049,3221.71506678064,7.0
20,9,SCA,3500.8055852983885,194.71995021144335,3494.1380505110833,8.0
20,9,LSHADE,2635.6387889774287,2.77127683505453e-05,2635.638775706981,1.0
20,10,ABMO,4477.223423987653,836.667418739434,4592.82389059874,4.0
20,10,AS-ABMO,4527.796668422124,700.6719180781479,4672.205039320959,5.0
20,10,RUN,3903.618212365019,1790.3002311238934,2911.9212478134623,3.0
20,10,GWO,4950.202245508044,1835.0662264587825,6090.543911733082,6.0
20,10,WOA,5390.578676417241,1369.266802186481,5612.678388537296,7.0
20,10,HHO,5632.696613614304,962.178306056823,5738.517619743561,8.0
20,10,SCA,2964.9393431961503,132.05758659178213,2922.932502931736,1.0
20,10,LSHADE,3143.579961726873,597.3556338514088,2830.0634286338163,2.0
20,11,ABMO,2884.7782949429848,535.9664468269698,2629.9402641493352,5.0
20,11,AS-ABMO,2880.390527777766,564.2273251297654,2615.283615930569,4.0
20,11,RUN,2836.5126822043953,314.06745878204225,2751.9991083550503,3.0
20,11,GWO,2637.5434537083256,11.114890750577223,2633.314091479987,2.0
20,11,WOA,3289.126614188317,810.1283208969575,2797.9065651105475,7.0
20,11,HHO,3518.8323411358697,1091.6746351278434,3103.720658208912,8.0
20,11,SCA,2956.7440388966234,157.69396802395113,2919.0654801470855,6.0
20,11,LSHADE,2600.000000016088,4.615247275339306e-08,2600.000000003688,1.0
20,12,ABMO,3121.0356929914724,140.97425303948341,3054.5883467794743,5.0
20,12,AS-ABMO,3004.723997557594,63.66383115139178,2989.0040315661313,3.0
20,12,RUN,3011.637872349738,15.665900420896106,3007.1079954092875,4.0
20,12,GWO,2986.5709994109657,24.256557818335033,2981.5070282830384,2.0
20,12,WOA,3271.586461884618,147.46599416886966,3243.1916723674503,6.0
20,12,HHO,3490.3972783281124,312.54883161007143,3411.89504254404,8.0
20,12,SCA,3360.061726568002,58.42522898109514,3352.259696590312,7.0
20,12,LSHADE,2945.9122307974476,10.169146090850742,2944.028662225197,1.0
