N_min,rule_x1x3,seed,mass_pred,viol,x1,x2,x3,x4,x5,x6,x7,x8,stress_pred,defl_pred,freq_pred,life_pred
0.0,False,2026,1.114379628735752,0.0,260.0,37.5,60.0,42.5,25.0,95.0,80.0,100.0,163.42216175365834,0.21081573591845246,154.21192684310623,402397.89850761386
410159.89999999997,False,2026,1.1244099996548833,0.0,260.0,37.5,54.18936040291455,42.49998640529717,25.0,95.0,77.33886806048537,100.0,162.98181439217512,0.2104021525810959,153.9718854962773,410159.9000009866
423814.39090909093,False,2027,1.1424497470246584,0.0,260.0,37.5,55.3007626093765,42.5,25.0,95.0,67.67498030873737,100.0,162.23412475106718,0.20939964153592083,152.66441586837013,423814.4095837366
437468.8818181818,False,2028,1.1605650622414763,0.0,260.0,37.5,55.76555530932051,42.5,25.0,95.0,58.27220343240321,100.0,161.51181058140318,0.20847963026504346,151.48460412581449,437468.8899834092
451123.37272727274,False,2028,1.178685583495844,0.0,260.0,37.5,55.588008230999414,42.5,25.0,95.0,53.94538522021705,91.06057107581195,160.81408733361945,0.20737043572682526,151.07103429573775,451123.39781184983
464777.8636363636,False,2027,1.196253108450263,0.0,260.0,37.5,56.310156420705596,42.49987556456609,25.0,95.0,51.05901782659236,78.1121899382924,160.13991412871735,0.20624289355807846,150.77864643321112,464777.870740777
478432.3545454545,False,2026,1.2130327487851127,0.0,260.0,37.5,60.0,42.5,25.0,95.0,47.48190289329276,62.75758786666269,159.48938013413368,0.20513498885065934,150.24693210887673,478432.3545476737
492086.84545454546,False,2027,1.2288955405254187,0.0,260.0,37.5,60.0,42.5,25.0,95.0,44.31397592917539,49.06588479570105,158.8579149098136,0.20426742894391758,149.7686663674782,492086.8455841362
505741.33636363636,False,2026,1.2439485361238476,0.0,260.0,37.5,60.0,42.5,25.0,95.0,39.642169337287626,35.689208197124785,158.24526963983539,0.20349972898655586,149.14265302912082,505741.33636563673
519395.82727272727,False,2028,1.2581437825229849,0.0,260.0,37.5,60.0,42.5,25.0,95.0,32.53890123721227,21.882572827540333,157.65031847464206,0.20281819432881965,148.3833919381993,519395.82736882457
533050.3181818181,False,2027,1.2711380153788518,0.0,260.0,37.5,60.0,42.5,25.0,95.0,17.477005622154667,7.0,157.0724292942943,0.20223989720878982,147.477392915591,533050.3181845294
546704.8090909091,False,2028,1.2976104804719046,0.0,260.0,37.29618034083272,60.0,22.21261898254343,25.0,95.0,7.0000004064107735,7.000000279142,156.5070671805494,0.20195172515585277,147.73113560813923,546704.8092629857
560359.2999999999,False,2026,1.3437352206789186,0.0,243.05603533279796,32.06164214543826,60.0,14.274902796828972,25.0,95.0,7.000004525343078,7.0000045325827855,155.95727043196192,0.2016002108995175,138.6755238260066,560359.3583077622
0.0,True,2027,1.158640311298317,0.0,199.9999999975157,37.5,60.0,42.5,25.0,95.0,80.0,100.0,162.88020659455185,0.21024478009288747,128.60604727773332,412097.7214066518
410159.89999999997,True,2027,1.158640311298317,0.0,199.9999999975157,37.5,60.0,42.5,25.0,95.0,80.0,100.0,162.88020659455185,0.21024478009288747,128.60604727773332,412097.7214066518
423814.39090909093,True,2026,1.1614330873716034,0.0,228.77088062724982,37.5,31.229119371293052,42.5,25.0,95.0,80.0,100.0,162.22906633521413,0.2099665809971259,140.98387842845386,423814.3909386316
437468.8818181818,True,2028,1.1762856277947003,0.0,239.98932344515265,37.5,20.010040482233048,42.5,25.0,94.99948090822436,78.97395981484628,92.39160824324753,161.511014887099,0.20900507472026583,145.98096352313092,437468.9709944009
451123.37272727274,True,2026,1.1951964864269435,0.0,239.98999933022128,37.5,20.010000014416505,42.5,25.0,95.0,79.20051005622959,79.9152782372273,160.81592385075183,0.20782542154235206,146.01195214740238,451123.400199033
464777.8636363636,True,2027,1.213345702333848,0.0,239.98999490447946,37.5,20.01000262423171,42.5,25.0,95.0,74.6823333653537,72.37029441555448,160.14201500938404,0.2068178168838326,145.47140736507174,464777.9880177298
478432.3545454545,True,2026,1.230944456517721,0.0,239.9899999987642,37.5,20.010000000000005,42.5,25.0,95.0,71.06194169849441,63.45112532312667,159.48919833568462,0.20587891182928014,145.00689964020637,478432.35454673244
492086.84545454546,True,2026,1.2481267892260937,0.0,239.98982532806428,37.5,20.010000163064532,42.5,25.0,95.0,68.42606147519311,53.10607011918934,158.85655269837997,0.20500195007370853,144.58268050719747,492086.84685258905
505741.33636363636,True,2027,1.265073794655925,0.0,239.90626257915494,37.499999999999986,20.093737419426212,42.5,24.999999999999996,95.0,65.32709372801723,42.39922171162534,158.2426012848807,0.2041796544899279,144.03526378093446,505741.3363668799
519395.82727272727,True,2026,1.2819731085129051,0.0,239.5724568040498,37.5,20.42754314675548,42.5,25.0,95.0,61.38183421088008,31.06169520169008,157.64622305783797,0.20339338119725003,143.27933223728476,519395.82737061335
533050.3181818181,True,2028,1.2990247224908538,0.0,235.85508490469547,37.499960080213135,24.14491499431954,42.5,25.0,95.0,57.68199081069751,17.602427979198765,157.06607791888453,0.2026201396313882,141.09420924176916,533050.3182074694
546704.8090909091,True,2026,1.318868672044192,0.0,228.60196162516914,37.5,31.397591981804048,32.452328233347714,25.0,95.0,41.372695672230684,7.002767399683529,156.49888164687727,0.20194457152139708,137.71900067610636,546704.8095067326
560359.2999999999,True,2028,1.349608214026957,0.0,199.99983608063397,33.17217027634258,60.0,28.442022368031477,25.0,95.0,7.000001064717598,7.000804484609105,155.95656897037318,0.20153223281236357,127.43169342081585,560359.3126848714
