seed,mass_pred,viol,x1,x2,x3,x4,x5,x6,x7,x8
2055,1.1593012068907071,0.0,199.99999999782344,37.5,60.0,42.5,25.0,95.0,80.0,100.0
2053,1.1593012068907071,0.0,199.99999999787974,37.5,60.0,42.5,25.0,95.0,80.0,100.0
2051,1.1593012068907071,0.0,199.99999999782332,37.5,60.0,42.5,25.0,95.0,80.0,100.0
2050,1.1593012068907071,0.0,199.99999999787974,37.5,60.0,42.5,25.0,95.0,80.0,100.0
2048,1.1593012068907071,0.0,199.99999999782332,37.5,60.0,42.5,25.0,95.0,80.0,100.0
2031,1.1593012068907071,0.0,199.99999999782335,37.5,60.0,42.5,25.0,95.0,80.0,100.0
2032,1.1593012068907071,0.0,199.99999999782335,37.5,60.0,42.5,25.0,95.0,80.0,100.0
2047,1.1593012068907071,0.0,199.99999999782335,37.5,60.0,42.5,25.0,95.0,80.0,100.0
2046,1.1593012068907071,0.0,199.99999999782338,37.5,60.0,42.5,25.0,95.0,80.0,100.0
2036,1.1593012068907071,0.0,199.99999999782344,37.5,60.0,42.5,25.0,95.0,80.0,100.0
2037,1.1593012068907071,0.0,199.99999999782332,37.5,60.0,42.5,25.0,95.0,80.0,100.0
2044,1.1593012068948012,0.0,199.99999999788378,37.5,60.0,42.5,25.0,95.0,80.0,100.0
2043,1.1593012068948012,0.0,199.99999999804075,37.5,60.0,42.5,25.0,95.0,80.0,100.0
2042,1.1593012068948012,0.0,199.99999999804075,37.5,60.0,42.5,25.0,95.0,80.0,100.0
2026,1.1593012068948012,0.0,199.9999999967968,37.5,60.0,42.5,25.0,95.0,80.0,100.0
2035,1.1593012068948012,0.0,199.99999999935224,37.5,60.0,42.5,25.0,95.0,80.0,100.0
2034,1.1593012068948012,0.0,199.9999999937549,37.5,60.0,42.5,25.0,95.0,80.0,100.0
2033,1.1593012068948012,0.0,199.99999999575905,37.5,60.0,42.5,25.0,95.0,80.0,100.0
2030,1.1593012068948012,0.0,199.99999999782395,37.5,60.0,42.5,25.0,95.0,80.0,100.0
2029,1.1593012068948012,0.0,199.99999999782398,37.5,60.0,42.5,25.0,95.0,80.0,100.0
2028,1.1593012068948012,0.0,199.9999999958245,37.5,60.0,42.5,25.0,95.0,80.0,100.0
2054,1.1593012068948012,0.0,199.9999999967968,37.5,60.0,42.5,25.0,95.0,80.0,100.0
2041,1.159301206898895,0.0,199.99999999992286,37.5,60.0,42.5,25.0,95.0,80.0,100.0
2038,1.159301206898895,0.0,199.9999999999779,37.5,60.0,42.5,25.0,95.0,80.0,100.0
2045,1.159301206898895,0.0,199.9999999937387,37.5,60.0,42.5,25.0,95.0,80.0,100.0
2052,1.159301206898895,0.0,199.99999999210655,37.5,60.0,42.5,25.0,95.0,80.0,100.0
2027,1.159301206898895,0.0,199.999999994579,37.5,60.0,42.5,25.0,95.0,80.0,100.0
2040,1.159301206898895,0.0,199.9999999927817,37.5,60.0,42.5,25.0,95.0,80.0,100.0
2039,1.159301206902989,0.0,199.99999998957108,37.5,60.0,42.5,25.0,95.0,80.0,100.0
2049,1.159301206902989,0.0,199.99999998132319,37.5,60.0,42.5,25.0,95.0,80.0,100.0
