design,response,fea,gpr,err_pct
REF_heavy,mass,1.5378,1.553071878308244,0.9930991226585997
REF_heavy,stress,155.28,155.1634620021518,-0.07505023045351118
REF_heavy,defl,0.20093,0.20102628454241986,0.047919445787020884
REF_heavy,freq,109.78,109.71922337268572,-0.0553622037841892
REF_heavy,life,577690.0,580777.0765390049,0.5343828937674047
PRIOR_OPT_light,mass,1.114379599,1.1162439533987147,0.16729976036780309
PRIOR_OPT_light,stress,163.4293414,163.39009593200404,-0.024013722174832303
PRIOR_OPT_light,defl,0.210817355,0.21071509093421759,-0.048508371515440865
PRIOR_OPT_light,freq,154.2119306,151.26353739841036,-1.9119099217020143
PRIOR_OPT_light,life,402295.4153,402846.45965317084,0.13697505171912513
