problem,alg,exact,min,mean,median,std,n_infeasible
truss,ABMO,263.89584337536706,263.8958434823933,263.895930274543,263.89588592644566,0.0001102296596341559,0
truss,AS-ABMO,263.89584337536706,263.8958437142107,263.8958982424018,263.8958973667508,4.943095968473216e-05,0
truss,GWO,263.89584337536706,0.0,0.0,0.0,0.0,0
truss,WOA,263.89584337536706,0.0,0.0,0.0,0.0,0
truss,SCA,263.89584337536706,0.0,0.0,0.0,0.0,0
truss,HHO,263.89584337536706,0.0,0.0,0.0,0.0,0
spring,ABMO,0.012665232788218456,0.01266608645687647,0.012864962275318114,0.012718679151599941,0.00024474101329643945,0
spring,AS-ABMO,0.012665232788218456,0.01266708588528669,0.012879826055114705,0.01273408801752595,0.00026399070247325125,0
spring,GWO,0.012665232788218456,0.012723570046900383,0.013665415428001655,0.013185592304821438,0.001103757335057682,0
spring,WOA,0.012665232788218456,0.012669258020824043,0.013530909131298903,0.013311779034293673,0.0008892908762731989,0
spring,SCA,0.012665232788218456,0.012772357423299869,0.013107274570010942,0.01309794987629429,0.00020779675411744094,0
spring,HHO,0.012665232788218456,0.012707585943812062,0.013708686864101656,0.013461374790014871,0.0009703777852381414,0
vessel,ABMO,5885.334941618791,5885.332773616459,6183.471975854063,6003.1760884695395,400.40000162654997,0
vessel,AS-ABMO,5885.334941618791,5885.332773616465,6403.078802631504,6352.2290346473,395.0657464572223,0
vessel,GWO,5885.334941618791,5930.815175655162,6520.608580477831,6332.272557852728,493.64481486638823,0
vessel,WOA,5885.334941618791,5897.337567751781,6631.811963639873,6689.574348688444,554.8282207247818,0
vessel,SCA,5885.334941618791,6299.392742255214,7219.996615096914,7013.936660870692,694.4561413115551,0
vessel,HHO,5885.334941618791,6272.18898195654,66595.7169219743,40019.52174210838,70258.8144237944,0
welded,ABMO,1.6952471649037544,1.6952471654595551,1.6952928289219789,1.6952483745992466,0.00018327831486464989,0
welded,AS-ABMO,1.6952471649037544,1.695247673179349,1.7816576184257997,1.6959275828115148,0.2517441263355173,0
welded,GWO,1.6952471649037544,1.6965709020214623,1.7078673073139414,1.7056127504011798,0.01001961780873621,0
welded,WOA,1.6952471649037544,1.6970284647735432,1.7180175305410545,1.7099832696602224,0.02566884707210105,0
welded,SCA,1.6952471649037544,1.753023227796089,1.8790849334825153,1.8761236092739288,0.07704794436907743,0
welded,HHO,1.6952471649037544,1.7548684774470278,3.074228924381022,3.143626967143045,0.8595980887805131,0
reducer,ABMO,2994.47106616594,2994.4710661468234,3075.873880928118,2994.471066147379,445.8614043829407,0
reducer,AS-ABMO,2994.47106616594,2994.471066146841,3086.7971057136874,2994.471066176113,444.6949919148694,0
reducer,GWO,2994.47106616594,3006.445451069147,3023.253694758733,3022.2787431026313,9.920054116959571,0
reducer,WOA,2994.47106616594,2997.8547345750835,3009.77457605068,3009.921772194747,7.760589701951794,0
reducer,SCA,2994.47106616594,3050.47671926808,3138.593370213069,3143.5238488101104,40.191230711708194,0
reducer,HHO,2994.47106616594,2999.7678190236575,4264.825859541846,4202.32942955607,809.9891482339762,0
cantilever,ABMO,1.3399563605986318,1.339957163588919,1.3399693115999425,1.3399638100392148,1.4368590569554313e-05,0
cantilever,AS-ABMO,1.3399563605986318,1.3399576974750371,1.3399770105351685,1.3399673052802528,2.2430781862896817e-05,0
cantilever,GWO,1.3399563605986318,1.3402294035493867,1.3413696175046932,1.341150910435232,0.0009395743487013471,0
cantilever,WOA,1.3399563605986318,1.3400098524620379,1.3407577570904803,1.3406507246411012,0.0005119129569077627,0
cantilever,SCA,1.3399563605986318,1.3556029105293939,1.4134563138980356,1.4106016681107676,0.028047795675572904,0
cantilever,HHO,1.3399563605986318,1.3484677659397135,1.4841054869571488,1.4470392603149822,0.1394902337226295,0
clutch,ABMO,0.31365661053439836,0.31365661053440497,0.32654689679443344,0.31365661053440497,0.02715802842572222,0
clutch,AS-ABMO,0.31365661053439836,0.31365661053440497,0.3286654879746207,0.31365661053440497,0.02738369669641157,0
clutch,GWO,0.31365661053439836,0.31375355568786856,0.31580292620802397,0.3143909672519969,0.003974861305972861,0
clutch,WOA,0.31365661053439836,0.31365661785449833,0.31365683702506575,0.31365677478969245,2.427505856069805e-07,0
clutch,SCA,0.31365661053439836,0.3136617446417481,0.3224297888096926,0.3194050834089487,0.008172811924675985,0
clutch,HHO,0.31365661053439836,0.31365661053440497,0.3411629505749527,0.31365770821087763,0.036896740688018834,0
