problem,alg,exact,best,median,mean,std,n_infeasible
truss,ABMO,263.89584337536706,263.8958434823933,263.89588592644566,263.895930274543,0.00011022965963187277,0
truss,AS-ABMO,263.89584337536706,263.89584340963864,263.8958843007574,263.89592301277276,0.00012346745706447865,0
truss,GWO,263.89584337536706,282.842712474619,282.842712474619,282.8427124746191,5.788650437549627e-14,2
truss,WOA,263.89584337536706,263.8960952115456,263.911626268631,265.1758312269893,4.8024280027987345,0
truss,SCA,263.89584337536706,263.91111420825627,264.05311424186243,264.13321512712815,0.1991567524805711,0
truss,HHO,263.89584337536706,263.8978371966494,264.01435352644046,264.25047718610637,0.6808602131033127,0
spring,ABMO,0.012665232788218456,0.0126660864568764,0.01271867915159985,0.012864962275318055,0.000244741013296449,0
spring,AS-ABMO,0.012665232788218456,0.0126663462418818,0.012718632084478699,0.01280994296368618,0.0002506499667032498,0
spring,GWO,0.012665232788218456,0.0127235700469003,0.01318559230482135,0.013665415428001601,0.0011037573350576831,0
spring,WOA,0.012665232788218456,0.012669258020824,0.01331177903429365,0.013530909131298846,0.0008892908762731954,0
spring,SCA,0.012665232788218456,0.0127723574232998,0.01309794987629425,0.013107274570010895,0.0002077967541174495,0
spring,HHO,0.012665232788218456,0.012707585943812,0.0134613747900148,0.0137086868641016,0.0009703777852381419,0
vessel,ABMO,5885.334941618791,5885.332773616459,6003.1760884695395,6183.471975854063,400.40000162654997,0
vessel,AS-ABMO,5885.334941618791,5885.332773616465,6073.952921710886,6329.538708641912,505.415408640578,0
vessel,GWO,5885.334941618791,5930.815175655162,6332.272557852728,6520.608580477831,493.64481486638823,0
vessel,WOA,5885.334941618791,5897.337567751781,6689.574348688444,6631.811963639873,554.8282207247818,0
vessel,SCA,5885.334941618791,6299.392742255214,7013.936660870692,7219.996615096914,694.456141311555,0
vessel,HHO,5885.334941618791,6272.18898195654,40019.52174210838,66595.71692197428,70258.8144237944,0
welded,ABMO,1.6952471649037544,1.6952471654595551,1.6952483745992466,1.6952928289219789,0.00018327831486465178,0
welded,AS-ABMO,1.6952471649037544,1.6952471663557471,1.6952482822575288,1.6953324077258058,0.00029285328296590156,0
welded,GWO,1.6952471649037544,1.6965709020214623,1.7056127504011795,1.7078673073139414,0.01001961780873621,0
welded,WOA,1.6952471649037544,1.6970284647735432,1.7099832696602224,1.7180175305410545,0.025668847072100945,0
welded,SCA,1.6952471649037544,1.753023227796089,1.8761236092739293,1.8790849334825153,0.07704794436907737,0
welded,HHO,1.6952471649037544,1.7548684774470278,3.1436269671430455,3.0742289243810226,0.8595980887805131,0
reducer,ABMO,2994.47106616594,2994.4710661468234,2994.4710661473796,3075.873880928118,445.8614043829407,0
reducer,AS-ABMO,2994.47106616594,2994.471066146823,2999.138616265779,3155.4556215654998,584.931872216204,0
reducer,GWO,2994.47106616594,3006.445451069147,3022.278743102631,3023.253694758733,9.920054116959596,0
reducer,WOA,2994.47106616594,2997.8547345750835,3009.921772194747,3009.77457605068,7.760589701951785,0
reducer,SCA,2994.47106616594,3050.47671926808,3143.5238488101104,3138.593370213069,40.19123071170823,0
reducer,HHO,2994.47106616594,2999.767819023657,4202.32942955607,4264.825859541846,809.9891482339762,0
cantilever,ABMO,1.3399563605986318,1.339957163588919,1.3399638100392148,1.3399693115999425,1.4368590569565312e-05,0
cantilever,AS-ABMO,1.3399563605986318,1.3399581938008494,1.339967118711076,1.339971638088192,1.2159783765994436e-05,0
cantilever,GWO,1.3399563605986318,1.340229403549387,1.341150910435232,1.3413696175046932,0.000939574348701365,0
cantilever,WOA,1.3399563605986318,1.340009852462038,1.3406507246411012,1.3407577570904803,0.0005119129569077555,0
cantilever,SCA,1.3399563605986318,1.355602910529394,1.4106016681107678,1.4134563138980356,0.02804779567557289,0
cantilever,HHO,1.3399563605986318,1.3484677659397135,1.4470392603149822,1.4841054869571488,0.1394902337226295,0
clutch,ABMO,0.23524245790079976,0.2352424579008037,0.2352424579008037,0.23524245790080375,5.646012854083702e-17,0
clutch,AS-ABMO,0.23524245790079976,0.2352424579008037,0.2352424579008037,0.23524245790080375,5.646012854083702e-17,0
clutch,GWO,0.23524245790079976,0.2353744530094823,0.23606372958662525,0.23695241828408156,0.0026315424382722125,0
clutch,WOA,0.23524245790079976,0.2352424581314915,0.2352425997145875,0.2352429078452415,1.017242424000946e-06,0
clutch,SCA,0.23524245790079976,0.2352745212321235,0.23607958639701648,0.23625358337496966,0.0008906005712074548,0
clutch,HHO,0.23524245790079976,0.2352424579008037,0.23524245792020335,0.23524267127399848,5.17891948507097e-07,0
