alg,problem,seed,f,viol
ABMO,truss,2026,263.8958438385548,0.0
ABMO,truss,2027,263.89594540346843,0.0
ABMO,truss,2028,263.89587453688205,0.0
ABMO,truss,2029,263.89632816448216,0.0
ABMO,truss,2030,263.8958675243238,0.0
ABMO,truss,2031,263.8958655802596,0.0
ABMO,truss,2032,263.89590069389965,0.0
ABMO,truss,2033,263.89600400325946,0.0
ABMO,truss,2034,263.8958453354569,0.0
ABMO,truss,2035,263.8958859619333,0.0
ABMO,truss,2036,263.89586593380716,0.0
ABMO,truss,2037,263.89616431716314,0.0
ABMO,truss,2038,263.895854652874,0.0
ABMO,truss,2039,263.8958435871115,0.0
ABMO,truss,2040,263.89590818793056,0.0
ABMO,truss,2041,263.89588343229536,0.0
ABMO,truss,2042,263.8959305791537,0.0
ABMO,truss,2043,263.89606208587423,0.0
ABMO,truss,2044,263.89592229747683,0.0
ABMO,truss,2045,263.8958747765928,0.0
ABMO,truss,2046,263.8958434823933,0.0
ABMO,truss,2047,263.8958503324778,0.0
ABMO,truss,2048,263.8960560018929,0.0
ABMO,truss,2049,263.8959287506047,0.0
ABMO,truss,2050,263.89586622139433,0.0
ABMO,truss,2051,263.8959001389413,0.0
ABMO,truss,2052,263.89603822497065,0.0
ABMO,truss,2053,263.89602327051404,0.0
ABMO,truss,2054,263.895845029343,0.0
ABMO,truss,2055,263.895885890958,0.0
AS-ABMO,truss,2026,263.8960108923473,0.0
AS-ABMO,truss,2027,263.89593492536073,0.0
AS-ABMO,truss,2028,263.89585893843713,0.0
AS-ABMO,truss,2029,263.8958522535155,0.0
AS-ABMO,truss,2030,263.8958770804938,0.0
AS-ABMO,truss,2031,263.895855793037,0.0
AS-ABMO,truss,2032,263.8958980888114,0.0
AS-ABMO,truss,2033,263.89585468346223,0.0
AS-ABMO,truss,2034,263.8958973182646,0.0
AS-ABMO,truss,2035,263.895897415237,0.0
AS-ABMO,truss,2036,263.8959177026797,0.0
AS-ABMO,truss,2037,263.8958560811469,0.0
AS-ABMO,truss,2038,263.89607118396276,0.0
AS-ABMO,truss,2039,263.8958998658933,0.0
AS-ABMO,truss,2040,263.89590333247156,0.0
AS-ABMO,truss,2041,263.8958850131276,0.0
AS-ABMO,truss,2042,263.8959291035788,0.0
AS-ABMO,truss,2043,263.89585318142537,0.0
AS-ABMO,truss,2044,263.8958543524801,0.0
AS-ABMO,truss,2045,263.895939483386,0.0
AS-ABMO,truss,2046,263.89594892328364,0.0
AS-ABMO,truss,2047,263.8958440541032,0.0
AS-ABMO,truss,2048,263.8958850655142,0.0
AS-ABMO,truss,2049,263.8959174419313,0.0
AS-ABMO,truss,2050,263.8958976271865,0.0
AS-ABMO,truss,2051,263.8958437142107,0.0
AS-ABMO,truss,2052,263.8959089576276,0.0
AS-ABMO,truss,2053,263.89589806909845,0.0
AS-ABMO,truss,2054,263.8958886220894,0.0
AS-ABMO,truss,2055,263.8958681078917,0.0
GWO,truss,2026,0.0,
GWO,truss,2027,0.0,
GWO,truss,2028,0.0,
GWO,truss,2029,0.0,
GWO,truss,2030,0.0,
GWO,truss,2031,0.0,
GWO,truss,2032,0.0,
GWO,truss,2033,0.0,
GWO,truss,2034,0.0,
GWO,truss,2035,0.0,
GWO,truss,2036,0.0,
GWO,truss,2037,0.0,
GWO,truss,2038,0.0,
GWO,truss,2039,0.0,
GWO,truss,2040,0.0,
GWO,truss,2041,0.0,
GWO,truss,2042,0.0,
GWO,truss,2043,0.0,
GWO,truss,2044,0.0,
GWO,truss,2045,0.0,
GWO,truss,2046,0.0,
GWO,truss,2047,0.0,
GWO,truss,2048,0.0,
GWO,truss,2049,0.0,
GWO,truss,2050,0.0,
GWO,truss,2051,0.0,
GWO,truss,2052,0.0,
GWO,truss,2053,0.0,
GWO,truss,2054,0.0,
GWO,truss,2055,0.0,
WOA,truss,2026,0.0,
WOA,truss,2027,0.0,
WOA,truss,2028,0.0,
WOA,truss,2029,0.0,
WOA,truss,2030,0.0,
WOA,truss,2031,0.0,
WOA,truss,2032,0.0,
WOA,truss,2033,0.0,
WOA,truss,2034,0.0,
WOA,truss,2035,0.0,
WOA,truss,2036,0.0,
WOA,truss,2037,0.0,
WOA,truss,2038,0.0,
WOA,truss,2039,0.0,
WOA,truss,2040,0.0,
WOA,truss,2041,0.0,
WOA,truss,2042,0.0,
WOA,truss,2043,0.0,
WOA,truss,2044,0.0,
WOA,truss,2045,0.0,
WOA,truss,2046,0.0,
WOA,truss,2047,0.0,
WOA,truss,2048,0.0,
WOA,truss,2049,0.0,
WOA,truss,2050,0.0,
WOA,truss,2051,0.0,
WOA,truss,2052,0.0,
WOA,truss,2053,0.0,
WOA,truss,2054,0.0,
WOA,truss,2055,0.0,
SCA,truss,2026,0.0,
SCA,truss,2027,0.0,
SCA,truss,2028,0.0,
SCA,truss,2029,0.0,
SCA,truss,2030,0.0,
SCA,truss,2031,0.0,
SCA,truss,2032,0.0,
SCA,truss,2033,0.0,
SCA,truss,2034,0.0,
SCA,truss,2035,0.0,
SCA,truss,2036,0.0,
SCA,truss,2037,0.0,
SCA,truss,2038,0.0,
SCA,truss,2039,0.0,
SCA,truss,2040,0.0,
SCA,truss,2041,0.0,
SCA,truss,2042,0.0,
SCA,truss,2043,0.0,
SCA,truss,2044,0.0,
SCA,truss,2045,0.0,
SCA,truss,2046,0.0,
SCA,truss,2047,0.0,
SCA,truss,2048,0.0,
SCA,truss,2049,0.0,
SCA,truss,2050,0.0,
SCA,truss,2051,0.0,
SCA,truss,2052,0.0,
SCA,truss,2053,0.0,
SCA,truss,2054,0.0,
SCA,truss,2055,0.0,
HHO,truss,2026,0.0,
HHO,truss,2027,0.0,
HHO,truss,2028,0.0,
HHO,truss,2029,0.0,
HHO,truss,2030,0.0,
HHO,truss,2031,0.0,
HHO,truss,2032,0.0,
HHO,truss,2033,0.0,
HHO,truss,2034,0.0,
HHO,truss,2035,0.0,
HHO,truss,2036,0.0,
HHO,truss,2037,0.0,
HHO,truss,2038,0.0,
HHO,truss,2039,0.0,
HHO,truss,2040,0.0,
HHO,truss,2041,0.0,
HHO,truss,2042,0.0,
HHO,truss,2043,0.0,
HHO,truss,2044,0.0,
HHO,truss,2045,0.0,
HHO,truss,2046,0.0,
HHO,truss,2047,0.0,
HHO,truss,2048,0.0,
HHO,truss,2049,0.0,
HHO,truss,2050,0.0,
HHO,truss,2051,0.0,
HHO,truss,2052,0.0,
HHO,truss,2053,0.0,
HHO,truss,2054,0.0,
HHO,truss,2055,0.0,
ABMO,spring,2026,0.012960476655548734,0.0
ABMO,spring,2027,0.01302494193488589,0.0
ABMO,spring,2028,0.012695592566540896,0.0
ABMO,spring,2029,0.013367136228042278,0.0
ABMO,spring,2030,0.013281043149626044,0.0
ABMO,spring,2031,0.012920183231031028,0.0
ABMO,spring,2032,0.012706262723270528,0.0
ABMO,spring,2033,0.01270724260712804,0.0
ABMO,spring,2034,0.013365949591831856,0.0
ABMO,spring,2035,0.01269739386026249,0.0
ABMO,spring,2036,0.012718794677519596,0.0
ABMO,spring,2037,0.012994520961211557,0.0
ABMO,spring,2038,0.013027406677114967,0.0
ABMO,spring,2039,0.012666105155787465,0.0
ABMO,spring,2040,0.01266608645687647,0.0
ABMO,spring,2041,0.01331979547712061,0.0
ABMO,spring,2042,0.012713824798659372,0.0
ABMO,spring,2043,0.012898740210565043,0.0
ABMO,spring,2044,0.012718563625680286,0.0
ABMO,spring,2045,0.012699143322632448,0.0
ABMO,spring,2046,0.012729690467480296,0.0
ABMO,spring,2047,0.012681546239400859,0.0
ABMO,spring,2048,0.012861568257650184,0.0
ABMO,spring,2049,0.012679063100341696,0.0
ABMO,spring,2050,0.012675811143603727,0.0
ABMO,spring,2051,0.012718104456442968,0.0
ABMO,spring,2052,0.012678282890164169,0.0
ABMO,spring,2053,0.012681307278881709,0.0
ABMO,spring,2054,0.013374200171517706,0.0
ABMO,spring,2055,0.012720090342724586,0.0
AS-ABMO,spring,2026,0.012874943097320372,0.0
AS-ABMO,spring,2027,0.013019727165386304,0.0
AS-ABMO,spring,2028,0.012702040405217578,0.0
AS-ABMO,spring,2029,0.012723946953869528,0.0
AS-ABMO,spring,2030,0.0126974912813944,0.0
AS-ABMO,spring,2031,0.012931124595392276,0.0
AS-ABMO,spring,2032,0.012693998930135909,0.0
AS-ABMO,spring,2033,0.01269182536724908,0.0
AS-ABMO,spring,2034,0.012897805478186548,0.0
AS-ABMO,spring,2035,0.012822167354244539,0.0
AS-ABMO,spring,2036,0.012719053710183507,0.0
AS-ABMO,spring,2037,0.012965644017003819,0.0
AS-ABMO,spring,2038,0.012855820114079305,0.0
AS-ABMO,spring,2039,0.012700717888231048,0.0
AS-ABMO,spring,2040,0.01271905371018089,0.0
AS-ABMO,spring,2041,0.01267757521935894,0.0
AS-ABMO,spring,2042,0.012684731032657848,0.0
AS-ABMO,spring,2043,0.01316723813789587,0.0
AS-ABMO,spring,2044,0.012719053710180941,0.0
AS-ABMO,spring,2045,0.013436879477800265,0.0
AS-ABMO,spring,2046,0.01318436774984136,0.0
AS-ABMO,spring,2047,0.012812472347938388,0.0
AS-ABMO,spring,2048,0.013364949214726219,0.0
AS-ABMO,spring,2049,0.013207561087874454,0.0
AS-ABMO,spring,2050,0.01266708588528669,0.0
AS-ABMO,spring,2051,0.012744229081182374,0.0
AS-ABMO,spring,2052,0.012685303465917019,0.0
AS-ABMO,spring,2053,0.012689157172388629,0.0
AS-ABMO,spring,2054,0.012668859076976438,0.0
AS-ABMO,spring,2055,0.013669958925340548,0.0
GWO,spring,2026,0.012775117808444513,0.0
GWO,spring,2027,0.012894998760543888,0.0
GWO,spring,2028,0.013892974096382517,0.0
GWO,spring,2029,0.012988431149746554,0.0
GWO,spring,2030,0.014232633680513671,0.0
GWO,spring,2031,0.014477349069512292,0.0
GWO,spring,2032,0.013034130954133596,0.0
GWO,spring,2033,0.013615823055118947,0.0
GWO,spring,2034,0.013243040716495718,0.0
GWO,spring,2035,0.014241623684183451,0.0
GWO,spring,2036,0.01298355400366575,0.0
GWO,spring,2037,0.015002692064790463,0.0
GWO,spring,2038,0.012869800888826695,0.0
GWO,spring,2039,0.013300427940385115,0.0
GWO,spring,2040,0.016263913430046153,0.0
GWO,spring,2041,0.012723570046900383,0.0
GWO,spring,2042,0.013231245099987885,0.0
GWO,spring,2043,0.013424497360926848,0.0
GWO,spring,2044,0.012760329213291257,0.0
GWO,spring,2045,0.012966908653935258,0.0
GWO,spring,2046,0.014811969700623243,0.0
GWO,spring,2047,0.01292093546416704,0.0
GWO,spring,2048,0.013078958510700237,0.0
GWO,spring,2049,0.014368034836552563,0.0
GWO,spring,2050,0.016915899322917354,0.0
GWO,spring,2051,0.012799375570434948,0.0
GWO,spring,2052,0.015499460829683646,0.0
GWO,spring,2053,0.013139939509654992,0.0
GWO,spring,2054,0.012756039094853162,0.0
GWO,spring,2055,0.01274878832263155,0.0
WOA,spring,2026,0.013747563685084492,0.0
WOA,spring,2027,0.012743821485997339,0.0
WOA,spring,2028,0.013332840357393542,0.0
WOA,spring,2029,0.01313614631662508,0.0
WOA,spring,2030,0.01267380859954549,0.0
WOA,spring,2031,0.014744807586903066,0.0
WOA,spring,2032,0.012672982194929175,0.0
WOA,spring,2033,0.012686054393828918,0.0
WOA,spring,2034,0.01274216968342029,0.0
WOA,spring,2035,0.01271471587236914,0.0
WOA,spring,2036,0.012738170121292544,0.0
WOA,spring,2037,0.013743832380799365,0.0
WOA,spring,2038,0.013497041970687781,0.0
WOA,spring,2039,0.01273067313539563,0.0
WOA,spring,2040,0.01267597251090331,0.0
WOA,spring,2041,0.015279112531842751,0.0
WOA,spring,2042,0.014016935022050172,0.0
WOA,spring,2043,0.015370595803338494,0.0
WOA,spring,2044,0.015032762051120113,0.0
WOA,spring,2045,0.0135691531122569,0.0
WOA,spring,2046,0.013904806950670062,0.0
WOA,spring,2047,0.012679374669364198,0.0
WOA,spring,2048,0.014918868487470599,0.0
WOA,spring,2049,0.012928283121458387,0.0
WOA,spring,2050,0.01468577942070506,0.0
WOA,spring,2051,0.013290717711193804,0.0
WOA,spring,2052,0.012669258020824043,0.0
WOA,spring,2053,0.013989890227807993,0.0
WOA,spring,2054,0.014073941238601326,0.0
WOA,spring,2055,0.012937195275088093,0.0
SCA,spring,2026,0.01320604756423377,0.0
SCA,spring,2027,0.012813356357403285,0.0
SCA,spring,2028,0.013253832640807702,0.0
SCA,spring,2029,0.013192836382022679,0.0
SCA,spring,2030,0.013047004244651269,0.0
SCA,spring,2031,0.012788869361457487,0.0
SCA,spring,2032,0.013037138538860179,0.0
SCA,spring,2033,0.013164179058325185,0.0
SCA,spring,2034,0.012979748205761138,0.0
SCA,spring,2035,0.013071007456231642,0.0
SCA,spring,2036,0.013130422119087515,0.0
SCA,spring,2037,0.012772357423299869,0.0
SCA,spring,2038,0.01289728073837219,0.0
SCA,spring,2039,0.012889128907213354,0.0
SCA,spring,2040,0.013306374086390745,0.0
SCA,spring,2041,0.013112296533599205,0.0
SCA,spring,2042,0.012931587326050868,0.0
SCA,spring,2043,0.013000171272775111,0.0
SCA,spring,2044,0.0130183086706477,0.0
SCA,spring,2045,0.013298214142438721,0.0
SCA,spring,2046,0.013021808369856617,0.0
SCA,spring,2047,0.013201421446977973,0.0
SCA,spring,2048,0.013226195518831209,0.0
SCA,spring,2049,0.013212958631951105,0.0
SCA,spring,2050,0.013241304260499399,0.0
SCA,spring,2051,0.01387514575041674,0.0
SCA,spring,2052,0.013140261797154263,0.0
SCA,spring,2053,0.013226520603463611,0.0
SCA,spring,2054,0.013078856472558317,0.0
SCA,spring,2055,0.013083603218989374,0.0
HHO,spring,2026,0.013530336100316528,0.0
HHO,spring,2027,0.01476320662948427,0.0
HHO,spring,2028,0.014183533291473845,0.0
HHO,spring,2029,0.013787878541687757,0.0
HHO,spring,2030,0.012786164150221142,0.0
HHO,spring,2031,0.014109707917679468,0.0
HHO,spring,2032,0.01345776045794246,0.0
HHO,spring,2033,0.013286398060511514,0.0
HHO,spring,2034,0.013474635852859872,0.0
HHO,spring,2035,0.01342808552234215,0.0
HHO,spring,2036,0.013511808141151055,0.0
HHO,spring,2037,0.01599258272253739,0.0
HHO,spring,2038,0.013861207329266873,0.0
HHO,spring,2039,0.012905499406710588,0.0
HHO,spring,2040,0.01284659598571598,0.0
HHO,spring,2041,0.013464989122087283,0.0
HHO,spring,2042,0.01423232236271583,0.0
HHO,spring,2043,0.017450252039001333,0.0
HHO,spring,2044,0.013369916287304134,0.0
HHO,spring,2045,0.014118206786226155,0.0
HHO,spring,2046,0.014109145184151755,0.0
HHO,spring,2047,0.01303809256082965,0.0
HHO,spring,2048,0.013399929029137524,0.0
HHO,spring,2049,0.012870993910016885,0.0
HHO,spring,2050,0.012707585943812062,0.0
HHO,spring,2051,0.013344764188604705,0.0
HHO,spring,2052,0.013341172209420563,0.0
HHO,spring,2053,0.013177072198540748,0.0
HHO,spring,2054,0.013519904656609181,0.0
HHO,spring,2055,0.013190859334691028,0.0
ABMO,vessel,2026,5885.332773616465,0.0
ABMO,vessel,2027,5885.333611691227,0.0
ABMO,vessel,2028,6236.950448252917,0.0
ABMO,vessel,2029,6150.082833471836,0.0
ABMO,vessel,2030,5890.770358181396,0.0
ABMO,vessel,2031,5885.332773616459,0.0
ABMO,vessel,2032,6947.639874343364,0.0
ABMO,vessel,2033,6142.503689391803,0.0
ABMO,vessel,2034,7124.570946862683,0.0
ABMO,vessel,2035,6917.742370503711,0.0
ABMO,vessel,2036,5937.234793470417,0.0
ABMO,vessel,2037,5898.160296102582,0.0
ABMO,vessel,2038,5919.165835302105,0.0
ABMO,vessel,2039,6324.952527047308,0.0
ABMO,vessel,2040,6330.459429240117,0.0
ABMO,vessel,2041,5888.948625801447,0.0
ABMO,vessel,2042,6181.882569015726,0.0
ABMO,vessel,2043,5885.332773616492,0.0
ABMO,vessel,2044,5903.859394318548,0.0
ABMO,vessel,2045,7305.583163283545,0.0
ABMO,vessel,2046,5938.357993099809,0.0
ABMO,vessel,2047,6282.948484098953,0.0
ABMO,vessel,2048,5885.333283878317,0.0
ABMO,vessel,2049,6099.131656270065,0.0
ABMO,vessel,2050,5951.281022394511,0.0
ABMO,vessel,2051,6055.071154544569,0.0
ABMO,vessel,2052,6524.363199164045,0.0
ABMO,vessel,2053,5937.774515194732,0.0
ABMO,vessel,2054,6302.726105948197,0.0
ABMO,vessel,2055,5885.332773898581,0.0
AS-ABMO,vessel,2026,6350.301488781247,0.0
AS-ABMO,vessel,2027,6155.18529404762,0.0
AS-ABMO,vessel,2028,6354.156580513352,0.0
AS-ABMO,vessel,2029,6863.741810578808,0.0
AS-ABMO,vessel,2030,6496.9997243514035,0.0
AS-ABMO,vessel,2031,6715.9978655070045,0.0
AS-ABMO,vessel,2032,5887.426491975936,0.0
AS-ABMO,vessel,2033,6012.309148950119,0.0
AS-ABMO,vessel,2034,7319.000702051637,0.0
AS-ABMO,vessel,2035,6384.835199679549,0.0
AS-ABMO,vessel,2036,6245.711851881906,0.0
AS-ABMO,vessel,2037,7290.017739062749,0.0
AS-ABMO,vessel,2038,6281.450652800182,0.0
AS-ABMO,vessel,2039,6335.128646222685,0.0
AS-ABMO,vessel,2040,6362.50336252581,0.0
AS-ABMO,vessel,2041,5969.654766601311,0.0
AS-ABMO,vessel,2042,6575.691576432614,0.0
AS-ABMO,vessel,2043,6629.1391801995505,0.0
AS-ABMO,vessel,2044,5885.332773616465,0.0
AS-ABMO,vessel,2045,6526.4890472711895,0.0
AS-ABMO,vessel,2046,6166.315535354199,0.0
AS-ABMO,vessel,2047,6646.42292811524,0.0
AS-ABMO,vessel,2048,6809.528464194153,0.0
AS-ABMO,vessel,2049,6032.623378527875,0.0
AS-ABMO,vessel,2050,7158.664459711888,0.0
AS-ABMO,vessel,2051,6111.260069917425,0.0
AS-ABMO,vessel,2052,5892.395016467632,0.0
AS-ABMO,vessel,2053,6392.844132957925,0.0
AS-ABMO,vessel,2054,6075.734003593348,0.0
AS-ABMO,vessel,2055,6165.502187054289,0.0
GWO,vessel,2026,6049.875206715386,0.0
GWO,vessel,2027,5941.356692654538,0.0
GWO,vessel,2028,6085.7854379845985,0.0
GWO,vessel,2029,5990.138278657403,0.0
GWO,vessel,2030,5985.851501552514,0.0
GWO,vessel,2031,6272.150090983351,0.0
GWO,vessel,2032,6095.54871258638,0.0
GWO,vessel,2033,7006.3106761080135,0.0
GWO,vessel,2034,7171.810327639696,0.0
GWO,vessel,2035,7298.166198136749,0.0
GWO,vessel,2036,6863.644229438196,0.0
GWO,vessel,2037,6134.563951050745,0.0
GWO,vessel,2038,7017.545919249829,0.0
GWO,vessel,2039,6878.080120268127,0.0
GWO,vessel,2040,6101.243860980142,0.0
GWO,vessel,2041,6228.722571992403,0.0
GWO,vessel,2042,6855.285071669901,0.0
GWO,vessel,2043,6392.3950247221055,0.0
GWO,vessel,2044,7298.53557346939,0.0
GWO,vessel,2045,6253.894748817462,0.0
GWO,vessel,2046,6074.504082528483,0.0
GWO,vessel,2047,6443.81664568939,0.0
GWO,vessel,2048,7151.795209800314,0.0
GWO,vessel,2049,6028.41187627974,0.0
GWO,vessel,2050,7325.117438513883,0.0
GWO,vessel,2051,6467.436397701126,0.0
GWO,vessel,2052,6903.061201741736,0.0
GWO,vessel,2053,5930.815175655162,0.0
GWO,vessel,2054,6188.95659298705,0.0
GWO,vessel,2055,7183.438598761122,0.0
WOA,vessel,2026,5924.9115511591845,0.0
WOA,vessel,2027,5916.196190779777,0.0
WOA,vessel,2028,6603.62140815283,0.0
WOA,vessel,2029,7227.52987881564,0.0
WOA,vessel,2030,6666.145138309193,0.0
WOA,vessel,2031,6287.964307776799,0.0
WOA,vessel,2032,5930.193961033337,0.0
WOA,vessel,2033,7325.091603749272,0.0
WOA,vessel,2034,6023.58160087722,0.0
WOA,vessel,2035,7337.9121089562195,0.0
WOA,vessel,2036,7021.675574524553,0.0
WOA,vessel,2037,7326.607896793435,0.0
WOA,vessel,2038,6924.989686829405,0.0
WOA,vessel,2039,7304.476445905826,0.0
WOA,vessel,2040,6488.173420358235,0.0
WOA,vessel,2041,5897.337567751781,0.0
WOA,vessel,2042,6145.069516028748,0.0
WOA,vessel,2043,6263.750636370813,0.0
WOA,vessel,2044,7333.361706806664,0.0
WOA,vessel,2045,6872.113554219686,0.0
WOA,vessel,2046,7156.850022637551,0.0
WOA,vessel,2047,6713.003559067696,0.0
WOA,vessel,2048,6762.726954132021,0.0
WOA,vessel,2049,6781.925278505415,0.0
WOA,vessel,2050,6064.767014753608,0.0
WOA,vessel,2051,5933.192166343038,0.0
WOA,vessel,2052,7334.538456662143,0.0
WOA,vessel,2053,7358.323691650583,0.0
WOA,vessel,2054,6130.688139818327,0.0
WOA,vessel,2055,5897.639870427208,0.0
SCA,vessel,2026,8957.805655957583,0.0
SCA,vessel,2027,7786.759648441253,0.0
SCA,vessel,2028,7824.4912777211175,0.0
SCA,vessel,2029,6578.831220350788,0.0
SCA,vessel,2030,6299.392742255214,0.0
SCA,vessel,2031,7153.82013522309,0.0
SCA,vessel,2032,8249.078248626807,0.0
SCA,vessel,2033,6707.487711599573,0.0
SCA,vessel,2034,6830.075828319291,0.0
SCA,vessel,2035,6432.892841003306,0.0
SCA,vessel,2036,8064.942298584423,0.0
SCA,vessel,2037,7223.04003609131,0.0
SCA,vessel,2038,6870.995949372982,0.0
SCA,vessel,2039,6987.351243034885,0.0
SCA,vessel,2040,6344.707607493801,0.0
SCA,vessel,2041,7798.255941194619,0.0
SCA,vessel,2042,7158.249335695649,0.0
SCA,vessel,2043,6531.6231132738685,0.0
SCA,vessel,2044,6738.569940411078,0.0
SCA,vessel,2045,7040.5220787065,0.0
SCA,vessel,2046,7849.973782497338,0.0
SCA,vessel,2047,6963.160201523849,0.0
SCA,vessel,2048,6922.32555678391,0.0
SCA,vessel,2049,7094.153121250769,0.0
SCA,vessel,2050,8065.914540351283,0.0
SCA,vessel,2051,7453.86034301946,0.0
SCA,vessel,2052,6843.794109544086,0.0
SCA,vessel,2053,6481.124064951051,0.0
SCA,vessel,2054,6736.6371495181,0.0
SCA,vessel,2055,8610.062730110458,0.0
HHO,vessel,2026,179059.11121674208,0.0
HHO,vessel,2027,93442.08908705889,0.0
HHO,vessel,2028,199263.2039809902,0.0
HHO,vessel,2029,7320.224491688745,0.0
HHO,vessel,2030,7333.087556928629,0.0
HHO,vessel,2031,77501.28727949948,0.0
HHO,vessel,2032,6527.202152464413,0.0
HHO,vessel,2033,6272.18898195654,0.0
HHO,vessel,2034,6650.817293832402,0.0
HHO,vessel,2035,41012.35791459008,0.0
HHO,vessel,2036,6341.25388010224,0.0
HHO,vessel,2037,159301.66297333792,0.0
HHO,vessel,2038,82829.57041866453,0.0
HHO,vessel,2039,177525.01669409926,0.0
HHO,vessel,2040,6999.811132666985,0.0
HHO,vessel,2041,6995.468702940183,0.0
HHO,vessel,2042,92257.75042377408,0.0
HHO,vessel,2043,224432.96617189786,0.0
HHO,vessel,2044,103930.4149458564,0.0
HHO,vessel,2045,151166.66633358636,0.0
HHO,vessel,2046,6783.336738548001,0.0
HHO,vessel,2047,6536.267712750197,0.0
HHO,vessel,2048,6680.3950685261025,0.0
HHO,vessel,2049,39026.68556962667,0.0
HHO,vessel,2050,6451.473448118899,0.0
HHO,vessel,2051,104644.22830352833,0.0
HHO,vessel,2052,126402.31730235621,0.0
HHO,vessel,2053,51314.77104704161,0.0
HHO,vessel,2054,6976.798341247646,0.0
HHO,vessel,2055,6893.082494807715,0.0
ABMO,welded,2026,1.6952505402829867,0.0
ABMO,welded,2027,1.695247218648338,0.0
ABMO,welded,2028,1.6952515024575958,0.0
ABMO,welded,2029,1.6952471654595551,0.0
ABMO,welded,2030,1.6952471781503164,0.0
ABMO,welded,2031,1.6952514375819017,0.0
ABMO,welded,2032,1.695249100915242,0.0
ABMO,welded,2033,1.6952531501073875,0.0
ABMO,welded,2034,1.6952473410674251,0.0
ABMO,welded,2035,1.6952883900525912,0.0
ABMO,welded,2036,1.6952471738978796,0.0
ABMO,welded,2037,1.695247167729498,0.0
ABMO,welded,2038,1.6952472187950842,0.0
ABMO,welded,2039,1.695281783474287,0.0
ABMO,welded,2040,1.6952477982810918,0.0
ABMO,welded,2041,1.695247751097713,0.0
ABMO,welded,2042,1.6954921560191454,0.0
ABMO,welded,2043,1.6952474868718945,0.0
ABMO,welded,2044,1.695247167584656,0.0
ABMO,welded,2045,1.695254149053137,0.0
ABMO,welded,2046,1.6952471665794002,0.0
ABMO,welded,2047,1.6952498380758003,0.0
ABMO,welded,2048,1.6952483693170153,0.0
ABMO,welded,2049,1.695247479087819,0.0
ABMO,welded,2050,1.6952473625896216,0.0
ABMO,welded,2051,1.6962337111208594,0.0
ABMO,welded,2052,1.6952617843318405,0.0
ABMO,welded,2053,1.6952490703301537,0.0
ABMO,welded,2054,1.6952588288176516,0.0
ABMO,welded,2055,1.695248379881478,0.0
AS-ABMO,welded,2026,1.695247673179349,0.0
AS-ABMO,welded,2027,1.6955275747118426,0.0
AS-ABMO,welded,2028,1.6964545513233569,0.0
AS-ABMO,welded,2029,1.6952572471175706,0.0
AS-ABMO,welded,2030,1.6953097702139406,0.0
AS-ABMO,welded,2031,1.695296594960724,0.0
AS-ABMO,welded,2032,1.6961875027997688,0.0
AS-ABMO,welded,2033,2.0386348657101574,0.0
AS-ABMO,welded,2034,1.7014058910471574,0.0
AS-ABMO,welded,2035,1.937729676027462,0.0
AS-ABMO,welded,2036,1.6953368174270462,0.0
AS-ABMO,welded,2037,1.6956676628232605,0.0
AS-ABMO,welded,2038,1.908849354950404,0.0
AS-ABMO,welded,2039,1.9408764442829571,0.0
AS-ABMO,welded,2040,1.6952476829030594,0.0
AS-ABMO,welded,2041,1.6952551711093706,0.0
AS-ABMO,welded,2042,1.8321379244147507,0.0
AS-ABMO,welded,2043,1.6962641900822377,0.0
AS-ABMO,welded,2044,1.6952483150143645,0.0
AS-ABMO,welded,2045,1.7091667536752024,0.0
AS-ABMO,welded,2046,3.0214363469937204,0.0
AS-ABMO,welded,2047,1.698222565635254,0.0
AS-ABMO,welded,2048,1.6952758636477376,0.0
AS-ABMO,welded,2049,1.7291233159343136,0.0
AS-ABMO,welded,2050,1.7018756648967384,0.0
AS-ABMO,welded,2051,1.6956608138883722,0.0
AS-ABMO,welded,2052,1.6952942945201026,0.0
AS-ABMO,welded,2053,1.6952491155572862,0.0
AS-ABMO,welded,2054,1.7112411646683643,0.0
AS-ABMO,welded,2055,1.6952477432581183,0.0
GWO,welded,2026,1.707457576020866,0.0
GWO,welded,2027,1.7026713262826072,0.0
GWO,welded,2028,1.7038313096801905,0.0
GWO,welded,2029,1.6965709020214623,0.0
GWO,welded,2030,1.706657635367413,0.0
GWO,welded,2031,1.74362456203625,0.0
GWO,welded,2032,1.708317762685628,0.0
GWO,welded,2033,1.7158508590079837,0.0
GWO,welded,2034,1.7041570321967032,0.0
GWO,welded,2035,1.6995514099492963,0.0
GWO,welded,2036,1.7077210601425052,0.0
GWO,welded,2037,1.7027157393878931,0.0
GWO,welded,2038,1.7127246293893499,0.0
GWO,welded,2039,1.703259052961446,0.0
GWO,welded,2040,1.701194221053426,0.0
GWO,welded,2041,1.718154088709499,0.0
GWO,welded,2042,1.700350023467089,0.0
GWO,welded,2043,1.706000751853199,0.0
GWO,welded,2044,1.710423815675165,0.0
GWO,welded,2045,1.7094431783777464,0.0
GWO,welded,2046,1.709551163458106,0.0
GWO,welded,2047,1.7052687749958666,0.0
GWO,welded,2048,1.7056333797974628,0.0
GWO,welded,2049,1.7005241190454945,0.0
GWO,welded,2050,1.7001835390043696,0.0
GWO,welded,2051,1.7114688198220085,0.0
GWO,welded,2052,1.6997148471818309,0.0
GWO,welded,2053,1.7055921210048965,0.0
GWO,welded,2054,1.7017365384997134,0.0
GWO,welded,2055,1.735668980342771,0.0
WOA,welded,2026,1.7148483027654564,0.0
WOA,welded,2027,1.7258001746251683,0.0
WOA,welded,2028,1.7209206559993713,0.0
WOA,welded,2029,1.7057285527746426,0.0
WOA,welded,2030,1.726116399884638,0.0
WOA,welded,2031,1.7083190326825328,0.0
WOA,welded,2032,1.6996874618903928,0.0
WOA,welded,2033,1.7035190659139747,0.0
WOA,welded,2034,1.734817693189172,0.0
WOA,welded,2035,1.8305305646195054,0.0
WOA,welded,2036,1.7282214358710717,0.0
WOA,welded,2037,1.7098692011240721,0.0
WOA,welded,2038,1.7261302398179863,0.0
WOA,welded,2039,1.7025809708317885,0.0
WOA,welded,2040,1.7091706242009828,0.0
WOA,welded,2041,1.7417600794522898,0.0
WOA,welded,2042,1.69812740295962,0.0
WOA,welded,2043,1.7545597795284864,0.0
WOA,welded,2044,1.7143966743673729,0.0
WOA,welded,2045,1.704201638750392,0.0
WOA,welded,2046,1.736042853265667,0.0
WOA,welded,2047,1.6970284647735432,0.0
WOA,welded,2048,1.7063914299583758,0.0
WOA,welded,2049,1.7013648129741796,0.0
WOA,welded,2050,1.7159577774719654,0.0
WOA,welded,2051,1.7100973381963727,0.0
WOA,welded,2052,1.7001957989673973,0.0
WOA,welded,2053,1.6985931248875494,0.0
WOA,welded,2054,1.7115982775524652,0.0
WOA,welded,2055,1.7039500869351987,0.0
SCA,welded,2026,2.0476701310956122,0.0
SCA,welded,2027,1.787678895788621,0.0
SCA,welded,2028,1.9284593643578847,0.0
SCA,welded,2029,1.8290383389599916,0.0
SCA,welded,2030,1.836618606254525,0.0
SCA,welded,2031,1.8543272191458022,0.0
SCA,welded,2032,2.072753316457321,0.0
SCA,welded,2033,1.870225883541848,0.0
SCA,welded,2034,1.9219811914381413,0.0
SCA,welded,2035,1.938316487412201,0.0
SCA,welded,2036,1.806567828993633,0.0
SCA,welded,2037,1.8950978012433104,0.0
SCA,welded,2038,1.9170322010016219,0.0
SCA,welded,2039,1.8811848700328944,0.0
SCA,welded,2040,1.851581536692669,0.0
SCA,welded,2041,1.7998226916851614,0.0
SCA,welded,2042,1.8839136141488373,0.0
SCA,welded,2043,1.7776907940782523,0.0
SCA,welded,2044,1.791663112816207,0.0
SCA,welded,2045,1.8548180631948687,0.0
SCA,welded,2046,1.9462813347377637,0.0
SCA,welded,2047,1.753023227796089,0.0
SCA,welded,2048,1.899682453866688,0.0
SCA,welded,2049,1.918498118264665,0.0
SCA,welded,2050,1.951075392381803,0.0
SCA,welded,2051,1.9788850172451737,0.0
SCA,welded,2052,1.897683808292894,0.0
SCA,welded,2053,1.8475278497325704,0.0
SCA,welded,2054,1.7623865053034424,0.0
SCA,welded,2055,1.8710623485149636,0.0
HHO,welded,2026,3.5004015228799066,0.0
HHO,welded,2027,3.4938858776198636,0.0
HHO,welded,2028,4.588677539676603,0.0
HHO,welded,2029,1.771778720331681,0.0
HHO,welded,2030,2.052294112054464,0.0
HHO,welded,2031,3.8819719176650027,0.0
HHO,welded,2032,2.329096134464116,0.0
HHO,welded,2033,2.5243205233208603,0.0
HHO,welded,2034,3.4320902034160317,0.0
HHO,welded,2035,2.3801043213327597,0.0
HHO,welded,2036,3.688101020148838,0.0
HHO,welded,2037,3.149003663826741,0.0
HHO,welded,2038,2.479872218400763,0.0
HHO,welded,2039,3.814880883498595,0.0
HHO,welded,2040,3.511560937972014,0.0
HHO,welded,2041,3.2329752223272803,0.0
HHO,welded,2042,4.349895811667533,0.0
HHO,welded,2043,2.785596559828575,0.0
HHO,welded,2044,2.36275063090474,0.0
HHO,welded,2045,5.332282163351005,0.0
HHO,welded,2046,3.1442481966653193,0.0
HHO,welded,2047,1.8476348957594022,0.0
HHO,welded,2048,2.818412208127491,0.0
HHO,welded,2049,3.203650925090853,0.0
HHO,welded,2050,3.041435714270993,0.0
HHO,welded,2051,3.1430057376207707,0.0
HHO,welded,2052,3.642483453723397,0.0
HHO,welded,2053,1.7548684774470278,0.0
HHO,welded,2054,3.0947591232641467,0.0
HHO,welded,2055,1.874829014773898,0.0
ABMO,reducer,2026,5436.554585042158,0.0
ABMO,reducer,2027,2994.4710661492013,0.0
ABMO,reducer,2028,2994.4710662218795,0.0
ABMO,reducer,2029,2994.4710661468416,0.0
ABMO,reducer,2030,2994.471066147992,0.0
ABMO,reducer,2031,2994.4710661507906,0.0
ABMO,reducer,2032,2994.471066151786,0.0
ABMO,reducer,2033,2994.4710759949003,0.0
ABMO,reducer,2034,2994.4710661470453,0.0
ABMO,reducer,2035,2994.4710662273787,0.0
ABMO,reducer,2036,2994.471066147585,0.0
ABMO,reducer,2037,2994.4710661468253,0.0
ABMO,reducer,2038,2994.4710661468266,0.0
ABMO,reducer,2039,2994.4710661480663,0.0
ABMO,reducer,2040,2994.4710661470863,0.0
ABMO,reducer,2041,2994.4719805996197,0.0
ABMO,reducer,2042,2994.4710661468234,0.0
ABMO,reducer,2043,2994.47106614684,0.0
ABMO,reducer,2044,2994.471066148767,0.0
ABMO,reducer,2045,2994.4710661470795,0.0
ABMO,reducer,2046,2994.471066208547,0.0
ABMO,reducer,2047,2994.4710661473396,0.0
ABMO,reducer,2048,2994.471066146856,0.0
ABMO,reducer,2049,2994.4710661472664,0.0
ABMO,reducer,2050,2994.4710661528575,0.0
ABMO,reducer,2051,2994.47106614698,0.0
ABMO,reducer,2052,2994.471066146845,0.0
ABMO,reducer,2053,2994.471066146993,0.0
ABMO,reducer,2054,2994.471066147419,0.0
ABMO,reducer,2055,2994.47106614697,0.0
AS-ABMO,reducer,2026,5436.554585061492,0.0
AS-ABMO,reducer,2027,3003.8049026078606,0.0
AS-ABMO,reducer,2028,3003.7952963850094,0.0
AS-ABMO,reducer,2029,2994.471066172262,0.0
AS-ABMO,reducer,2030,2994.471066147037,0.0
AS-ABMO,reducer,2031,3007.4365521536424,0.0
AS-ABMO,reducer,2032,2994.471066147424,0.0
AS-ABMO,reducer,2033,2994.4710661479508,0.0
AS-ABMO,reducer,2034,2994.4710661468553,0.0
AS-ABMO,reducer,2035,3033.748525701934,0.0
AS-ABMO,reducer,2036,3033.74852570225,0.0
AS-ABMO,reducer,2037,2994.4710661469758,0.0
AS-ABMO,reducer,2038,3141.0786593222715,0.0
AS-ABMO,reducer,2039,2994.471067471767,0.0
AS-ABMO,reducer,2040,2994.471066146873,0.0
AS-ABMO,reducer,2041,2994.4710661489203,0.0
AS-ABMO,reducer,2042,2994.4710661799636,0.0
AS-ABMO,reducer,2043,3007.4365521536424,0.0
AS-ABMO,reducer,2044,3003.8049026294466,0.0
AS-ABMO,reducer,2045,3033.7485257020694,0.0
AS-ABMO,reducer,2046,2994.4710661682116,0.0
AS-ABMO,reducer,2047,3003.8049026207786,0.0
AS-ABMO,reducer,2048,2994.471066146841,0.0
AS-ABMO,reducer,2049,2994.471066146976,0.0
AS-ABMO,reducer,2050,2994.4710663125143,0.0
AS-ABMO,reducer,2051,2994.4720491184517,0.0
AS-ABMO,reducer,2052,2994.4710661471154,0.0
AS-ABMO,reducer,2053,2994.4710661667755,0.0
AS-ABMO,reducer,2054,2994.4710661593062,0.0
AS-ABMO,reducer,2055,2994.4710661479885,0.0
GWO,reducer,2026,3018.3710252086075,0.0
GWO,reducer,2027,3019.917578847001,0.0
GWO,reducer,2028,3009.9651345084067,0.0
GWO,reducer,2029,3033.482350042936,0.0
GWO,reducer,2030,3014.3853070330615,0.0
GWO,reducer,2031,3008.2877239347604,0.0
GWO,reducer,2032,3029.461749238615,0.0
GWO,reducer,2033,3015.544745148397,0.0
GWO,reducer,2034,3032.8083665273425,0.0
GWO,reducer,2035,3019.247266006583,0.0
GWO,reducer,2036,3009.1609239078175,0.0
GWO,reducer,2037,3026.4139613617517,0.0
GWO,reducer,2038,3016.5398268477616,0.0
GWO,reducer,2039,3006.445451069147,0.0
GWO,reducer,2040,3035.5676461681282,0.0
GWO,reducer,2041,3013.068369885126,0.0
GWO,reducer,2042,3039.344792468651,0.0
GWO,reducer,2043,3031.016898868611,0.0
GWO,reducer,2044,3016.996090164458,0.0
GWO,reducer,2045,3041.8042639719715,0.0
GWO,reducer,2046,3027.746202493422,0.0
GWO,reducer,2047,3032.3447667769733,0.0
GWO,reducer,2048,3032.0061740198707,0.0
GWO,reducer,2049,3022.776464403569,0.0
GWO,reducer,2050,3028.233584943582,0.0
GWO,reducer,2051,3021.7810218016934,0.0
GWO,reducer,2052,3015.802907574818,0.0
GWO,reducer,2053,3023.2143176979275,0.0
GWO,reducer,2054,3017.222779605924,0.0
GWO,reducer,2055,3038.6531522350774,0.0
WOA,reducer,2026,3009.855694183451,0.0
WOA,reducer,2027,3005.3048590575786,0.0
WOA,reducer,2028,3026.2175882697834,0.0
WOA,reducer,2029,3005.3476210707117,0.0
WOA,reducer,2030,3013.6907763989784,0.0
WOA,reducer,2031,3013.380291856894,0.0
WOA,reducer,2032,2997.8547345750835,0.0
WOA,reducer,2033,3009.064470393748,0.0
WOA,reducer,2034,3010.543312732989,0.0
WOA,reducer,2035,3004.3806109168413,0.0
WOA,reducer,2036,3013.7084370254606,0.0
WOA,reducer,2037,3012.5265992014597,0.0
WOA,reducer,2038,3014.6116728785614,0.0
WOA,reducer,2039,3005.6311749348315,0.0
WOA,reducer,2040,3002.145025864649,0.0
WOA,reducer,2041,3022.7914466801603,0.0
WOA,reducer,2042,3014.838461218743,0.0
WOA,reducer,2043,3005.9453175866597,0.0
WOA,reducer,2044,3005.168171000755,0.0
WOA,reducer,2045,3015.763665347386,0.0
WOA,reducer,2046,3020.137731849541,0.0
WOA,reducer,2047,3022.984195514891,0.0
WOA,reducer,2048,2999.0493060643453,0.0
WOA,reducer,2049,3009.987850206043,0.0
WOA,reducer,2050,3000.5839935281115,0.0
WOA,reducer,2051,3019.8225801257195,0.0
WOA,reducer,2052,3010.6509761985917,0.0
WOA,reducer,2053,3000.584950909353,0.0
WOA,reducer,2054,2999.4817693012387,0.0
WOA,reducer,2055,3001.183996627832,0.0
SCA,reducer,2026,3194.412276805569,0.0
SCA,reducer,2027,3189.7929297572523,0.0
SCA,reducer,2028,3151.186071861517,0.0
SCA,reducer,2029,3050.47671926808,0.0
SCA,reducer,2030,3104.2165061518695,0.0
SCA,reducer,2031,3129.462959722836,0.0
SCA,reducer,2032,3096.928885778916,0.0
SCA,reducer,2033,3109.2056629569224,0.0
SCA,reducer,2034,3139.95484006108,0.0
SCA,reducer,2035,3158.93518298492,0.0
SCA,reducer,2036,3162.8878228231433,0.0
SCA,reducer,2037,3162.4899283960985,0.0
SCA,reducer,2038,3170.9356377072872,0.0
SCA,reducer,2039,3136.40981637219,0.0
SCA,reducer,2040,3099.3297566042374,0.0
SCA,reducer,2041,3191.9040058886526,0.0
SCA,reducer,2042,3096.2109286906825,0.0
SCA,reducer,2043,3194.637473141126,0.0
SCA,reducer,2044,3153.7566444581785,0.0
SCA,reducer,2045,3182.2680717831104,0.0
SCA,reducer,2046,3199.1465968068856,0.0
SCA,reducer,2047,3139.0780318090847,0.0
SCA,reducer,2048,3121.0971577183263,0.0
SCA,reducer,2049,3098.2181693768453,0.0
SCA,reducer,2050,3148.458046158696,0.0
SCA,reducer,2051,3147.0928575591406,0.0
SCA,reducer,2052,3107.8258563567088,0.0
SCA,reducer,2053,3072.907044343313,0.0
SCA,reducer,2054,3167.821396084836,0.0
SCA,reducer,2055,3080.753828964559,0.0
HHO,reducer,2026,4955.179000101141,0.0
HHO,reducer,2027,5568.464234264661,0.0
HHO,reducer,2028,4941.237224667183,0.0
HHO,reducer,2029,3604.863982623546,0.0
HHO,reducer,2030,5059.210561992343,0.0
HHO,reducer,2031,4441.145324869336,0.0
HHO,reducer,2032,3981.018620530548,0.0
HHO,reducer,2033,4438.076395732385,0.0
HHO,reducer,2034,4202.49429233069,0.0
HHO,reducer,2035,4208.436690311627,0.0
HHO,reducer,2036,3001.4751593054157,0.0
HHO,reducer,2037,2999.7678190236575,0.0
HHO,reducer,2038,3222.6223096384147,0.0
HHO,reducer,2039,3366.479823587397,0.0
HHO,reducer,2040,5464.466331878385,0.0
HHO,reducer,2041,5333.1317574815575,0.0
HHO,reducer,2042,4103.3049902760185,0.0
HHO,reducer,2043,3186.945586507567,0.0
HHO,reducer,2044,5586.375156571271,0.0
HHO,reducer,2045,4201.835492993441,0.0
HHO,reducer,2046,3559.81035339752,0.0
HHO,reducer,2047,4541.133877193105,0.0
HHO,reducer,2048,3359.9229691355213,0.0
HHO,reducer,2049,3697.485851229877,0.0
HHO,reducer,2050,3556.005869389075,0.0
HHO,reducer,2051,5187.451689488469,0.0
HHO,reducer,2052,4483.475441907624,0.0
HHO,reducer,2053,4202.164566781449,0.0
HHO,reducer,2054,5448.120967726152,0.0
HHO,reducer,2055,4042.673445320007,0.0
ABMO,cantilever,2026,1.3399611388710544,0.0
ABMO,cantilever,2027,1.339959778207494,0.0
ABMO,cantilever,2028,1.3399606222404434,0.0
ABMO,cantilever,2029,1.3399573386133168,0.0
ABMO,cantilever,2030,1.339991609134097,0.0
ABMO,cantilever,2031,1.3399688611509153,0.0
ABMO,cantilever,2032,1.3399750488424316,0.0
ABMO,cantilever,2033,1.3400251713373978,0.0
ABMO,cantilever,2034,1.3399752183313995,0.0
ABMO,cantilever,2035,1.3399651207058154,0.0
ABMO,cantilever,2036,1.3399614568189477,0.0
ABMO,cantilever,2037,1.339960740144976,0.0
ABMO,cantilever,2038,1.339957163588919,0.0
ABMO,cantilever,2039,1.3399694328726441,0.0
ABMO,cantilever,2040,1.3399618352585727,0.0
ABMO,cantilever,2041,1.339971155898408,0.0
ABMO,cantilever,2042,1.339968319504452,0.0
ABMO,cantilever,2043,1.3399605646932937,0.0
ABMO,cantilever,2044,1.339963682749745,0.0
ABMO,cantilever,2045,1.3399768246212174,0.0
ABMO,cantilever,2046,1.3399737090801351,0.0
ABMO,cantilever,2047,1.3399639373286845,0.0
ABMO,cantilever,2048,1.3399631786168595,0.0
ABMO,cantilever,2049,1.3399995856210116,0.0
ABMO,cantilever,2050,1.3399604253600594,0.0
ABMO,cantilever,2051,1.3399625096614423,0.0
ABMO,cantilever,2052,1.3399583524525893,0.0
ABMO,cantilever,2053,1.339959812603655,0.0
ABMO,cantilever,2054,1.3399771842674788,0.0
ABMO,cantilever,2055,1.3399695694208122,0.0
AS-ABMO,cantilever,2026,1.3400117848572084,0.0
AS-ABMO,cantilever,2027,1.3399654459255197,0.0
AS-ABMO,cantilever,2028,1.3400273475399118,0.0
AS-ABMO,cantilever,2029,1.339961001740422,0.0
AS-ABMO,cantilever,2030,1.3399678397858443,0.0
AS-ABMO,cantilever,2031,1.339973823989586,0.0
AS-ABMO,cantilever,2032,1.3399987000561417,0.0
AS-ABMO,cantilever,2033,1.3399915696599947,0.0
AS-ABMO,cantilever,2034,1.339961860173522,0.0
AS-ABMO,cantilever,2035,1.3399788925559242,0.0
AS-ABMO,cantilever,2036,1.3399661566571635,0.0
AS-ABMO,cantilever,2037,1.339965748221252,0.0
AS-ABMO,cantilever,2038,1.3399701361962764,0.0
AS-ABMO,cantilever,2039,1.3399576974750371,0.0
AS-ABMO,cantilever,2040,1.3399796740500947,0.0
AS-ABMO,cantilever,2041,1.3399959340871013,0.0
AS-ABMO,cantilever,2042,1.3399667707746614,0.0
AS-ABMO,cantilever,2043,1.3399589898636433,0.0
AS-ABMO,cantilever,2044,1.3399602119500418,0.0
AS-ABMO,cantilever,2045,1.3399768642927816,0.0
AS-ABMO,cantilever,2046,1.3399666252597633,0.0
AS-ABMO,cantilever,2047,1.3400565109726001,0.0
AS-ABMO,cantilever,2048,1.3399596729710432,0.0
AS-ABMO,cantilever,2049,1.3399834135489466,0.0
AS-ABMO,cantilever,2050,1.3399758034965927,0.0
AS-ABMO,cantilever,2051,1.339962557162497,0.0
AS-ABMO,cantilever,2052,1.3399626680695538,0.0
AS-ABMO,cantilever,2053,1.339965996266221,0.0
AS-ABMO,cantilever,2054,1.339957871878139,0.0
AS-ABMO,cantilever,2055,1.3399827465775778,0.0
GWO,cantilever,2026,1.3402294035493867,0.0
GWO,cantilever,2027,1.3413425964157633,0.0
GWO,cantilever,2028,1.3424198101871456,0.0
GWO,cantilever,2029,1.3403690769970689,0.0
GWO,cantilever,2030,1.3405002504550338,0.0
GWO,cantilever,2031,1.3423963741015779,0.0
GWO,cantilever,2032,1.3409948843759854,0.0
GWO,cantilever,2033,1.3413772945593265,0.0
GWO,cantilever,2034,1.3402744476209207,0.0
GWO,cantilever,2035,1.3410374679004449,0.0
GWO,cantilever,2036,1.341846851568931,0.0
GWO,cantilever,2037,1.3413624822139236,0.0
GWO,cantilever,2038,1.3414943200376064,0.0
GWO,cantilever,2039,1.3441872780541206,0.0
GWO,cantilever,2040,1.3410396501499016,0.0
GWO,cantilever,2041,1.3414898352712608,0.0
GWO,cantilever,2042,1.3406174184131496,0.0
GWO,cantilever,2043,1.3410766764034145,0.0
GWO,cantilever,2044,1.3418529500728078,0.0
GWO,cantilever,2045,1.3412251444670495,0.0
GWO,cantilever,2046,1.3434030873675407,0.0
GWO,cantilever,2047,1.3407546794974956,0.0
GWO,cantilever,2048,1.341291421325404,0.0
GWO,cantilever,2049,1.3408282401354266,0.0
GWO,cantilever,2050,1.3402723528966078,0.0
GWO,cantilever,2051,1.3414352650400598,0.0
GWO,cantilever,2052,1.3409697724668317,0.0
GWO,cantilever,2053,1.340909742610117,0.0
GWO,cantilever,2054,1.3431449223909513,0.0
GWO,cantilever,2055,1.3409448285955456,0.0
WOA,cantilever,2026,1.3405669778628873,0.0
WOA,cantilever,2027,1.340504508678372,0.0
WOA,cantilever,2028,1.341080295481149,0.0
WOA,cantilever,2029,1.3407714801276416,0.0
WOA,cantilever,2030,1.3402392839225832,0.0
WOA,cantilever,2031,1.3411331820468275,0.0
WOA,cantilever,2032,1.3400754813658344,0.0
WOA,cantilever,2033,1.3412399792986804,0.0
WOA,cantilever,2034,1.3408513557984505,0.0
WOA,cantilever,2035,1.3401892333595302,0.0
WOA,cantilever,2036,1.3403411536510548,0.0
WOA,cantilever,2037,1.3400098524620379,0.0
WOA,cantilever,2038,1.3401425071165842,0.0
WOA,cantilever,2039,1.3407085134905745,0.0
WOA,cantilever,2040,1.342495412953103,0.0
WOA,cantilever,2041,1.3404608595824206,0.0
WOA,cantilever,2042,1.3403998832634034,0.0
WOA,cantilever,2043,1.3406625071292986,0.0
WOA,cantilever,2044,1.3405452197169152,0.0
WOA,cantilever,2045,1.340638942152904,0.0
WOA,cantilever,2046,1.3405145948645971,0.0
WOA,cantilever,2047,1.341245707267759,0.0
WOA,cantilever,2048,1.3409918381964785,0.0
WOA,cantilever,2049,1.3414649045300353,0.0
WOA,cantilever,2050,1.34079313800139,0.0
WOA,cantilever,2051,1.3410398346480183,0.0
WOA,cantilever,2052,1.3413733564022914,0.0
WOA,cantilever,2053,1.3411378308508182,0.0
WOA,cantilever,2054,1.3405402934046637,0.0
WOA,cantilever,2055,1.3405745850881092,0.0
SCA,cantilever,2026,1.4537149500487772,0.0
SCA,cantilever,2027,1.4055563414887844,0.0
SCA,cantilever,2028,1.3556029105293939,0.0
SCA,cantilever,2029,1.4106293365100897,0.0
SCA,cantilever,2030,1.39957799523855,0.0
SCA,cantilever,2031,1.4109380043686006,0.0
SCA,cantilever,2032,1.4282525467620397,0.0
SCA,cantilever,2033,1.425812061680476,0.0
SCA,cantilever,2034,1.467018544220123,0.0
SCA,cantilever,2035,1.4027631234901752,0.0
SCA,cantilever,2036,1.4585692097947187,0.0
SCA,cantilever,2037,1.3808322626200453,0.0
SCA,cantilever,2038,1.3929949423008943,0.0
SCA,cantilever,2039,1.3970891747835636,0.0
SCA,cantilever,2040,1.3890526169931567,0.0
SCA,cantilever,2041,1.4478656342659966,0.0
SCA,cantilever,2042,1.4097316077620308,0.0
SCA,cantilever,2043,1.3872868008582284,0.0
SCA,cantilever,2044,1.4000439529422442,0.0
SCA,cantilever,2045,1.4269329459764915,0.0
SCA,cantilever,2046,1.4379753479661692,0.0
SCA,cantilever,2047,1.4271606767834721,0.0
SCA,cantilever,2048,1.40148003989259,0.0
SCA,cantilever,2049,1.4233200095243053,0.0
SCA,cantilever,2050,1.3592839751434558,0.0
SCA,cantilever,2051,1.4105739997114455,0.0
SCA,cantilever,2052,1.3934245376097651,0.0
SCA,cantilever,2053,1.417755096635195,0.0
SCA,cantilever,2054,1.470045762951675,0.0
SCA,cantilever,2055,1.4124050080886117,0.0
HHO,cantilever,2026,1.3916231900249296,0.0
HHO,cantilever,2027,1.3993845481634746,0.0
HHO,cantilever,2028,1.5636481742027106,0.0
HHO,cantilever,2029,1.375596389923513,0.0
HHO,cantilever,2030,1.4140707046569452,0.0
HHO,cantilever,2031,1.458340736649747,0.0
HHO,cantilever,2032,1.4104113054127896,0.0
HHO,cantilever,2033,1.4499225683796506,0.0
HHO,cantilever,2034,1.3484677659397135,0.0
HHO,cantilever,2035,1.641114225995882,0.0
HHO,cantilever,2036,1.402221003941533,0.0
HHO,cantilever,2037,1.48223887842443,0.0
HHO,cantilever,2038,1.4991815795024743,0.0
HHO,cantilever,2039,1.3896743657095456,0.0
HHO,cantilever,2040,1.6373489857828163,0.0
HHO,cantilever,2041,1.432392257335748,0.0
HHO,cantilever,2042,1.5217911531952069,0.0
HHO,cantilever,2043,1.625876564059693,0.0
HHO,cantilever,2044,1.4177610288015767,0.0
HHO,cantilever,2045,1.433142859288033,0.0
HHO,cantilever,2046,1.444155952250314,0.0
HHO,cantilever,2047,1.5164100794590993,0.0
HHO,cantilever,2048,1.419016494934452,0.0
HHO,cantilever,2049,2.099205205052598,0.0
HHO,cantilever,2050,1.4705672629956654,0.0
HHO,cantilever,2051,1.5281814872302226,0.0
HHO,cantilever,2052,1.464198707545002,0.0
HHO,cantilever,2053,1.3663731487929125,0.0
HHO,cantilever,2054,1.4291069402576946,0.0
HHO,cantilever,2055,1.4917410448060917,0.0
ABMO,clutch,2026,0.31365661053440497,0.0
ABMO,clutch,2027,0.31365661053440497,0.0
ABMO,clutch,2028,0.31365661053440497,0.0
ABMO,clutch,2029,0.31365661053440497,0.0
ABMO,clutch,2030,0.3380072696232211,0.0
ABMO,clutch,2031,0.31365661053440497,0.0
ABMO,clutch,2032,0.31365661053440497,0.0
ABMO,clutch,2033,0.31365661053440497,0.0
ABMO,clutch,2034,0.3920707631680062,0.0
ABMO,clutch,2035,0.31365661053440497,0.0
ABMO,clutch,2036,0.3920707631680062,0.0
ABMO,clutch,2037,0.3380072696232211,0.0
ABMO,clutch,2038,0.31365661053440497,0.0
ABMO,clutch,2039,0.31365661053440497,0.0
ABMO,clutch,2040,0.31365661053440497,0.0
ABMO,clutch,2041,0.31365661053440497,0.0
ABMO,clutch,2042,0.31365661053440497,0.0
ABMO,clutch,2043,0.31365661053440497,0.0
ABMO,clutch,2044,0.31365661053440497,0.0
ABMO,clutch,2045,0.3920707631680062,0.0
ABMO,clutch,2046,0.31365661053440497,0.0
ABMO,clutch,2047,0.31365661053440497,0.0
ABMO,clutch,2048,0.3920707631680062,0.0
ABMO,clutch,2049,0.3380072696232211,0.0
ABMO,clutch,2050,0.31365661053440497,0.0
ABMO,clutch,2051,0.31365661053440497,0.0
ABMO,clutch,2052,0.31365661053440497,0.0
ABMO,clutch,2053,0.31365661053440497,0.0
ABMO,clutch,2054,0.31365661053440497,0.0
ABMO,clutch,2055,0.31365661053440497,0.0
AS-ABMO,clutch,2026,0.31365661053440497,0.0
AS-ABMO,clutch,2027,0.31365661053440497,0.0
AS-ABMO,clutch,2028,0.31365661053440497,0.0
AS-ABMO,clutch,2029,0.31365661053440497,0.0
AS-ABMO,clutch,2030,0.3380072696232211,0.0
AS-ABMO,clutch,2031,0.31365661053440497,0.0
AS-ABMO,clutch,2032,0.31365661053440497,0.0
AS-ABMO,clutch,2033,0.31365661053440497,0.0
AS-ABMO,clutch,2034,0.3920707631680062,0.0
AS-ABMO,clutch,2035,0.31365661053440497,0.0
AS-ABMO,clutch,2036,0.3920707631680062,0.0
AS-ABMO,clutch,2037,0.3380072696232211,0.0
AS-ABMO,clutch,2038,0.31365661053440497,0.0
AS-ABMO,clutch,2039,0.31365661053440497,0.0
AS-ABMO,clutch,2040,0.31365661053440497,0.0
AS-ABMO,clutch,2041,0.31365661053440497,0.0
AS-ABMO,clutch,2042,0.31365661053440497,0.0
AS-ABMO,clutch,2043,0.31365661053440497,0.0
AS-ABMO,clutch,2044,0.31365661053440497,0.0
AS-ABMO,clutch,2045,0.3920707631680062,0.0
AS-ABMO,clutch,2046,0.3380072696232211,0.0
AS-ABMO,clutch,2047,0.31365661053440497,0.0
AS-ABMO,clutch,2048,0.3920707631680062,0.0
AS-ABMO,clutch,2049,0.3380072696232211,0.0
AS-ABMO,clutch,2050,0.31365661053440497,0.0
AS-ABMO,clutch,2051,0.31365661053440497,0.0
AS-ABMO,clutch,2052,0.31365661053440497,0.0
AS-ABMO,clutch,2053,0.31365661053440497,0.0
AS-ABMO,clutch,2054,0.35286368685120556,0.0
AS-ABMO,clutch,2055,0.31365661053440497,0.0
GWO,clutch,2026,0.3167689201294311,0.0
GWO,clutch,2027,0.3168617869211387,0.0
GWO,clutch,2028,0.3148028030345751,0.0
GWO,clutch,2029,0.3161775397914463,0.0
GWO,clutch,2030,0.31375355568786856,0.0
GWO,clutch,2031,0.31449421771157654,0.0
GWO,clutch,2032,0.31472813750326395,0.0
GWO,clutch,2033,0.3146152140951483,0.0
GWO,clutch,2034,0.3142551711701262,0.0
GWO,clutch,2035,0.315354687656345,0.0
GWO,clutch,2036,0.3138553212003597,0.0
GWO,clutch,2037,0.3141294829575133,0.0
GWO,clutch,2038,0.3161413431665618,0.0
GWO,clutch,2039,0.3142877167924173,0.0
GWO,clutch,2040,0.3141469895087421,0.0
GWO,clutch,2041,0.3139253919722388,0.0
GWO,clutch,2042,0.3220565458109559,0.0
GWO,clutch,2043,0.3341336600590876,0.0
GWO,clutch,2044,0.31552425828261893,0.0
GWO,clutch,2045,0.3142003134053346,0.0
GWO,clutch,2046,0.31529162991364995,0.0
GWO,clutch,2047,0.3141529226694453,0.0
GWO,clutch,2048,0.321150549378693,0.0
GWO,clutch,2049,0.3138517496687737,0.0
GWO,clutch,2050,0.315025368155421,0.0
GWO,clutch,2051,0.3141803449429389,0.0
GWO,clutch,2052,0.3140281665834158,0.0
GWO,clutch,2053,0.3139200075601576,0.0
GWO,clutch,2054,0.31409103564209245,0.0
GWO,clutch,2055,0.3141829548693811,0.0
WOA,clutch,2026,0.31365665212637267,0.0
WOA,clutch,2027,0.3136567797838509,0.0
WOA,clutch,2028,0.31365661966319236,0.0
WOA,clutch,2029,0.3136566719445102,0.0
WOA,clutch,2030,0.3136568171614146,0.0
WOA,clutch,2031,0.31365661785449833,0.0
WOA,clutch,2032,0.3136571809464363,0.0
WOA,clutch,2033,0.3136567903151408,0.0
WOA,clutch,2034,0.31365698461238944,0.0
WOA,clutch,2035,0.31365665613334176,0.0
WOA,clutch,2036,0.3136566439307817,0.0
WOA,clutch,2037,0.3136566299860412,0.0
WOA,clutch,2038,0.31365687692748107,0.0
WOA,clutch,2039,0.31365663097428,0.0
WOA,clutch,2040,0.3136566539024587,0.0
WOA,clutch,2041,0.3136576064314014,0.0
WOA,clutch,2042,0.31365670276683993,0.0
WOA,clutch,2043,0.3136566735566423,0.0
WOA,clutch,2044,0.3136566309348193,0.0
WOA,clutch,2045,0.31365684666568094,0.0
WOA,clutch,2046,0.313656902249755,0.0
WOA,clutch,2047,0.3136570711172309,0.0
WOA,clutch,2048,0.31365662581236053,0.0
WOA,clutch,2049,0.31365690499224896,0.0
WOA,clutch,2050,0.3136570428446329,0.0
WOA,clutch,2051,0.3136571318711335,0.0
WOA,clutch,2052,0.3136566717525364,0.0
WOA,clutch,2053,0.31365676979553403,0.0
WOA,clutch,2054,0.31365699440015565,0.0
WOA,clutch,2055,0.3136573292988107,0.0
SCA,clutch,2026,0.31927493795657674,0.0
SCA,clutch,2027,0.31563246880887924,0.0
SCA,clutch,2028,0.32679137314180795,0.0
SCA,clutch,2029,0.3234158953872812,0.0
SCA,clutch,2030,0.3287491682079375,0.0
SCA,clutch,2031,0.3277194867287896,0.0
SCA,clutch,2032,0.31523840323563357,0.0
SCA,clutch,2033,0.3147559166337668,0.0
SCA,clutch,2034,0.33379666953381115,0.0
SCA,clutch,2035,0.3214622281228884,0.0
SCA,clutch,2036,0.31420206408872087,0.0
SCA,clutch,2037,0.3136617446417481,0.0
SCA,clutch,2038,0.3186594880056008,0.0
SCA,clutch,2039,0.3295191060179257,0.0
SCA,clutch,2040,0.3351024796283376,0.0
SCA,clutch,2041,0.3392218552917134,0.0
SCA,clutch,2042,0.3148077419033293,0.0
SCA,clutch,2043,0.3195352288613207,0.0
SCA,clutch,2044,0.31674097442396043,0.0
SCA,clutch,2045,0.33813497628081635,0.0
SCA,clutch,2046,0.3137060147250117,0.0
SCA,clutch,2047,0.31746201853548395,0.0
SCA,clutch,2048,0.3208632304074877,0.0
SCA,clutch,2049,0.3153125626890561,0.0
SCA,clutch,2050,0.3328251282678397,0.0
SCA,clutch,2051,0.31519810715645985,0.0
SCA,clutch,2052,0.3167722869085224,0.0
SCA,clutch,2053,0.33297965892996584,0.0
SCA,clutch,2054,0.31391533771614366,0.0
SCA,clutch,2055,0.327437112053958,0.0
HHO,clutch,2026,0.31365661053440497,0.0
HHO,clutch,2027,0.31365661053440497,0.0
HHO,clutch,2028,0.3920707651681227,0.0
HHO,clutch,2029,0.31365661053440497,0.0
HHO,clutch,2030,0.3136566290761072,0.0
HHO,clutch,2031,0.31365661053440497,0.0
HHO,clutch,2032,0.3920707633233213,0.0
HHO,clutch,2033,0.31365661053440497,0.0
HHO,clutch,2034,0.3920707631680062,0.0
HHO,clutch,2035,0.31365661053440497,0.0
HHO,clutch,2036,0.31365661053440497,0.0
HHO,clutch,2037,0.3920707631680062,0.0
HHO,clutch,2038,0.31365661884101087,0.0
HHO,clutch,2039,0.39207145518986675,0.0
HHO,clutch,2040,0.31653016054494537,0.0
HHO,clutch,2041,0.33214105727889726,0.0
HHO,clutch,2042,0.31365661053440497,0.0
HHO,clutch,2043,0.3136571281464708,0.0
HHO,clutch,2044,0.31365661053440497,0.0
HHO,clutch,2045,0.3920707631680062,0.0
HHO,clutch,2046,0.392071294943612,0.0
HHO,clutch,2047,0.31365661053440497,0.0
HHO,clutch,2048,0.39207261298428614,0.0
HHO,clutch,2049,0.3320348794607868,0.0
HHO,clutch,2050,0.31365661053440497,0.0
HHO,clutch,2051,0.3920707631680062,0.0
HHO,clutch,2052,0.3920707631680062,0.0
HHO,clutch,2053,0.31365828827528447,0.0
HHO,clutch,2054,0.31496369282706205,0.0
HHO,clutch,2055,0.31365663947032163,0.0
