,mean,mean,std,std
dim,10,20,10,20
alg,,,,
ABMO,1.5019577517232392,1.8778655831799067,1.201051020911317,2.026155612534309
AS-ABMO,1.4784121648602497,1.891476268369782,1.1326334310930222,2.0124841922531527
RUN,2.3163555829921583,2.8058243690776483,1.1822822165178855,2.128397326537107
GWO,1.6359362449826829,2.1086767528535955,1.1684429808248042,2.0940412257371404
WOA,1.501800855322896,1.9581816465846107,1.1398905347065926,2.0836323790714326
HHO,1.3855309176899027,1.8163250531477388,1.1437556259936423,2.042928127402276
SCA,2.1871042770993276,3.206384178518783,1.1686315270141505,2.058706176303852
LSHADE,2.402208027866436,2.830912679581282,1.1890609449151015,2.068901899082398
