alg,fid,dim,seed,sec
ABMO,1,10,2026,0.48382544494234025
ABMO,1,10,2027,0.45815324899740517
ABMO,1,10,2028,0.41651540296152234
ABMO,1,10,2029,0.4704647959442809
ABMO,1,10,2030,0.48473984096199274
ABMO,2,10,2026,0.5455657650018111
ABMO,2,10,2027,0.530718811089173
ABMO,2,10,2028,0.5073978980071843
ABMO,2,10,2029,0.49814912502188236
ABMO,2,10,2030,0.6235568519914523
ABMO,3,10,2026,0.7437233419623226
ABMO,3,10,2027,0.7063599360408261
ABMO,3,10,2028,0.7958472580648959
ABMO,3,10,2029,0.7566221159650013
ABMO,3,10,2030,0.6535469859372824
ABMO,4,10,2026,0.8720905710943043
ABMO,4,10,2027,0.810708670062013
ABMO,4,10,2028,0.8945705009391531
ABMO,4,10,2029,0.8444331790087745
ABMO,4,10,2030,0.8509797910228372
ABMO,5,10,2026,0.5657271379604936
ABMO,5,10,2027,0.590616301051341
ABMO,5,10,2028,0.5938619909575209
ABMO,5,10,2029,0.5635219269897789
ABMO,5,10,2030,0.6074705789797008
ABMO,6,10,2026,0.6520819349680096
ABMO,6,10,2027,0.5695208719698712
ABMO,6,10,2028,0.6007951600477099
ABMO,6,10,2029,0.6305314729688689
ABMO,6,10,2030,0.6748585230670869
ABMO,7,10,2026,3.3604886000975966
ABMO,7,10,2027,3.2845163960009813
ABMO,7,10,2028,3.330299983965233
ABMO,7,10,2029,3.183731086086482
ABMO,7,10,2030,3.409764203010127
ABMO,8,10,2026,4.384482890018262
ABMO,8,10,2027,4.321195096010342
ABMO,8,10,2028,4.531311149010435
ABMO,8,10,2029,4.444871125044301
ABMO,8,10,2030,4.492695873952471
ABMO,9,10,2026,1.3619786689523607
ABMO,9,10,2027,1.20059195603244
ABMO,9,10,2028,1.276291435933672
ABMO,9,10,2029,1.3187551529845223
ABMO,9,10,2030,1.2945371069945395
ABMO,10,10,2026,1.3649349070619792
ABMO,10,10,2027,1.253036760026589
ABMO,10,10,2028,1.2973826000234112
ABMO,10,10,2029,1.3673616300802678
ABMO,10,10,2030,1.215952142025344
ABMO,11,10,2026,1.9024349059909582
ABMO,11,10,2027,1.8020975390681997
ABMO,11,10,2028,1.986638508969918
ABMO,11,10,2029,1.908652915037237
ABMO,11,10,2030,1.9530826329719275
ABMO,12,10,2026,1.9040270450059325
ABMO,12,10,2027,1.881601067027077
ABMO,12,10,2028,1.9947509380290285
ABMO,12,10,2029,2.0439862980274484
ABMO,12,10,2030,2.0490590559784323
AS-ABMO,1,10,2026,0.5120968729024753
AS-ABMO,1,10,2027,0.45911801198963076
AS-ABMO,1,10,2028,0.4771956449840218
AS-ABMO,1,10,2029,0.516655283048749
AS-ABMO,1,10,2030,0.5320884360698983
AS-ABMO,2,10,2026,0.5423350619385019
AS-ABMO,2,10,2027,0.5075943049741909
AS-ABMO,2,10,2028,0.5504394489107653
AS-ABMO,2,10,2029,0.6065375549951568
AS-ABMO,2,10,2030,0.48487008397933096
AS-ABMO,3,10,2026,0.6687491700286046
AS-ABMO,3,10,2027,0.7862920869374648
AS-ABMO,3,10,2028,0.7058610679814592
AS-ABMO,3,10,2029,0.7348127330187708
AS-ABMO,3,10,2030,0.7722477458883077
AS-ABMO,4,10,2026,0.9226295730331913
AS-ABMO,4,10,2027,0.9170796599937603
AS-ABMO,4,10,2028,0.8857328159501776
AS-ABMO,4,10,2029,0.9107524170540273
AS-ABMO,4,10,2030,0.8918294089380652
AS-ABMO,5,10,2026,0.6767853869823739
AS-ABMO,5,10,2027,0.5563812520122156
AS-ABMO,5,10,2028,0.6041403170675039
AS-ABMO,5,10,2029,0.6101949859876186
AS-ABMO,5,10,2030,0.5718966079875827
AS-ABMO,6,10,2026,0.661112293950282
AS-ABMO,6,10,2027,0.7216381330508739
AS-ABMO,6,10,2028,0.6775825599906966
AS-ABMO,6,10,2029,0.625850370968692
AS-ABMO,6,10,2030,0.7150811600731686
AS-ABMO,7,10,2026,3.1962536270730197
AS-ABMO,7,10,2027,3.1355402040062472
AS-ABMO,7,10,2028,3.215810167021118
AS-ABMO,7,10,2029,3.2310543440980837
AS-ABMO,7,10,2030,3.1518355440348387
AS-ABMO,8,10,2026,4.295231851981953
AS-ABMO,8,10,2027,4.098281288985163
AS-ABMO,8,10,2028,4.344635569956154
AS-ABMO,8,10,2029,4.297298731980845
AS-ABMO,8,10,2030,4.156952384975739
AS-ABMO,9,10,2026,1.3571748299291357
AS-ABMO,9,10,2027,1.2273231289582327
AS-ABMO,9,10,2028,1.2113067329628393
AS-ABMO,9,10,2029,1.1768938179593533
AS-ABMO,9,10,2030,1.2417474089888856
AS-ABMO,10,10,2026,1.4128522229148075
AS-ABMO,10,10,2027,1.289178011007607
AS-ABMO,10,10,2028,1.2197408969514072
AS-ABMO,10,10,2029,1.3545481810579076
AS-ABMO,10,10,2030,1.2710936960065737
AS-ABMO,11,10,2026,1.86205296497792
AS-ABMO,11,10,2027,1.8538940470898524
AS-ABMO,11,10,2028,1.8756284120026976
AS-ABMO,11,10,2029,1.7737050789874047
AS-ABMO,11,10,2030,1.8747407810296863
AS-ABMO,12,10,2026,1.8761059360112995
AS-ABMO,12,10,2027,1.9584221619879827
AS-ABMO,12,10,2028,1.9921334310201928
AS-ABMO,12,10,2029,1.9837767250137404
AS-ABMO,12,10,2030,1.963937261956744
RUN,1,10,2026,1.2184810090111569
RUN,1,10,2027,1.2444776960182935
RUN,1,10,2028,1.2193091959925368
RUN,1,10,2029,1.1819990640506148
RUN,1,10,2030,1.4017811360536143
RUN,2,10,2026,1.4258655450539663
RUN,2,10,2027,1.3174273970071226
RUN,2,10,2028,1.26855683804024
RUN,2,10,2029,1.2924541489919648
RUN,2,10,2030,1.2759970080805942
RUN,3,10,2026,1.438709689071402
RUN,3,10,2027,1.5785959379281849
RUN,3,10,2028,1.516832455061376
RUN,3,10,2029,1.5239047249779105
RUN,3,10,2030,1.6494947370374575
RUN,4,10,2026,1.650642846012488
RUN,4,10,2027,1.7625760789960623
RUN,4,10,2028,1.6412890570936725
RUN,4,10,2029,1.7460787079762667
RUN,4,10,2030,1.6572442499455065
RUN,5,10,2026,1.4015471689635888
RUN,5,10,2027,1.5414524090010673
RUN,5,10,2028,1.5052216390613467
RUN,5,10,2029,1.3854764220304787
RUN,5,10,2030,1.519350858987309
RUN,6,10,2026,1.3809766459744424
RUN,6,10,2027,1.478462549042888
RUN,6,10,2028,1.4254237320274115
RUN,6,10,2029,1.3432209260063246
RUN,6,10,2030,1.4472430209862068
RUN,7,10,2026,4.08600866200868
RUN,7,10,2027,4.129076334065758
RUN,7,10,2028,4.311979844002053
RUN,7,10,2029,3.9904378389474005
RUN,7,10,2030,4.266791966045275
RUN,8,10,2026,5.127476941095665
RUN,8,10,2027,4.961974413017742
RUN,8,10,2028,5.080630111973733
RUN,8,10,2029,5.083293654955924
RUN,8,10,2030,5.2472429550252855
RUN,9,10,2026,2.0297807010356337
RUN,9,10,2027,1.9953749449923635
RUN,9,10,2028,2.147110579069704
RUN,9,10,2029,1.997938166023232
RUN,9,10,2030,2.108493234962225
RUN,10,10,2026,2.0464860539650545
RUN,10,10,2027,2.1136929530184716
RUN,10,10,2028,2.2981398090487346
RUN,10,10,2029,2.1295970840146765
RUN,10,10,2030,2.0856139060342684
RUN,11,10,2026,2.8034955790499225
RUN,11,10,2027,2.9685665699653327
RUN,11,10,2028,2.6818104709964246
RUN,11,10,2029,2.6679390219505876
RUN,11,10,2030,2.764621099922806
RUN,12,10,2026,2.9431908009573817
RUN,12,10,2027,2.9479973829584196
RUN,12,10,2028,2.8893251200206578
RUN,12,10,2029,2.7665601749904454
RUN,12,10,2030,2.87059571093414
GWO,1,10,2026,0.588691754033789
GWO,1,10,2027,0.5914829500252381
GWO,1,10,2028,0.6203838620567694
GWO,1,10,2029,0.616525228950195
GWO,1,10,2030,0.6003411629935727
GWO,2,10,2026,0.6952310210326687
GWO,2,10,2027,0.6879994029877707
GWO,2,10,2028,0.6121669190470129
GWO,2,10,2029,0.6234888170147315
GWO,2,10,2030,0.6789820600533858
GWO,3,10,2026,0.8713250219589099
GWO,3,10,2027,0.7705012100050226
GWO,3,10,2028,0.9136769910110161
GWO,3,10,2029,0.8770906979916617
GWO,3,10,2030,0.953535400913097
GWO,4,10,2026,1.0294070050586015
GWO,4,10,2027,1.053097123047337
GWO,4,10,2028,1.0257406079908833
GWO,4,10,2029,1.0247425809502602
GWO,4,10,2030,1.0308977300301194
GWO,5,10,2026,0.675236861105077
GWO,5,10,2027,0.7895525529747829
GWO,5,10,2028,0.779992038034834
GWO,5,10,2029,0.7716747070662677
GWO,5,10,2030,0.7662118499865755
GWO,6,10,2026,0.7214833659818396
GWO,6,10,2027,0.8012715189252049
GWO,6,10,2028,0.7498210319317877
GWO,6,10,2029,0.8263048990629613
GWO,6,10,2030,0.758355503086932
GWO,7,10,2026,3.3185999549459666
GWO,7,10,2027,3.493533047963865
GWO,7,10,2028,3.3574668569490314
GWO,7,10,2029,3.449536621919833
GWO,7,10,2030,3.618833255022764
GWO,8,10,2026,4.38619062199723
GWO,8,10,2027,4.400384409003891
GWO,8,10,2028,4.535204394953325
GWO,8,10,2029,4.250775418011472
GWO,8,10,2030,4.447779131005518
GWO,9,10,2026,1.3272072799736634
GWO,9,10,2027,1.3176001029787585
GWO,9,10,2028,1.3635549090104178
GWO,9,10,2029,1.4003699040040374
GWO,9,10,2030,1.3875589880626649
GWO,10,10,2026,1.3229379169642925
GWO,10,10,2027,1.5095567969838157
GWO,10,10,2028,1.3736962230177596
GWO,10,10,2029,1.5035355719737709
GWO,10,10,2030,1.509356242022477
GWO,11,10,2026,2.1686471849679947
GWO,11,10,2027,1.9989882470108569
GWO,11,10,2028,2.132134667946957
GWO,11,10,2029,2.012892092927359
GWO,11,10,2030,2.154105821973644
GWO,12,10,2026,2.4819372120546177
GWO,12,10,2027,2.1675189479719847
GWO,12,10,2028,2.035929069039412
GWO,12,10,2029,2.120991221978329
GWO,12,10,2030,2.104140711016953
WOA,1,10,2026,0.461404295056127
WOA,1,10,2027,0.5693172339815646
WOA,1,10,2028,0.41651308606378734
WOA,1,10,2029,0.439476981991902
WOA,1,10,2030,0.45918404101394117
WOA,2,10,2026,0.5748307639732957
WOA,2,10,2027,0.5460712569765747
WOA,2,10,2028,0.5465018560644239
WOA,2,10,2029,0.5269187970552593
WOA,2,10,2030,0.5137746660038829
WOA,3,10,2026,0.7581462560920045
WOA,3,10,2027,0.7322495519183576
WOA,3,10,2028,0.772711805999279
WOA,3,10,2029,0.8072095660027117
WOA,3,10,2030,0.788319242070429
WOA,4,10,2026,0.9514901340007782
WOA,4,10,2027,0.8816436539636925
WOA,4,10,2028,1.0024391250917688
WOA,4,10,2029,0.8905405530240387
WOA,4,10,2030,0.9359234919538721
WOA,5,10,2026,0.688037661020644
WOA,5,10,2027,0.5826569549972191
WOA,5,10,2028,0.5892269680043682
WOA,5,10,2029,0.6790212009800598
WOA,5,10,2030,0.6845080939820036
WOA,6,10,2026,0.6638298319885507
WOA,6,10,2027,0.6352122148964554
WOA,6,10,2028,0.6847083179745823
WOA,6,10,2029,0.6840873919427395
WOA,6,10,2030,0.6416644589044154
WOA,7,10,2026,3.3661753800697625
WOA,7,10,2027,3.4103628440061584
WOA,7,10,2028,3.2287393050501123
WOA,7,10,2029,3.137558617978357
WOA,7,10,2030,3.174107522936538
WOA,8,10,2026,4.121427654987201
WOA,8,10,2027,4.30234219704289
WOA,8,10,2028,4.08100684103556
WOA,8,10,2029,4.3210937939584255
WOA,8,10,2030,4.198584167985246
WOA,9,10,2026,1.2033157580299303
WOA,9,10,2027,1.3395339340204373
WOA,9,10,2028,1.2376014820765704
WOA,9,10,2029,1.1700203900691122
WOA,9,10,2030,1.30415785103105
WOA,10,10,2026,1.2385945660062134
WOA,10,10,2027,1.3120128280716017
WOA,10,10,2028,1.4025070910574868
WOA,10,10,2029,1.3183667960111052
WOA,10,10,2030,1.2426585999783128
WOA,11,10,2026,1.9937711299862713
WOA,11,10,2027,1.9078604730311781
WOA,11,10,2028,1.8974193600006402
WOA,11,10,2029,1.8058984159724787
WOA,11,10,2030,1.9813256070483476
WOA,12,10,2026,1.9624819110613316
WOA,12,10,2027,2.177434477955103
WOA,12,10,2028,2.10402313596569
WOA,12,10,2029,1.9469022019766271
WOA,12,10,2030,2.1131475319853052
HHO,1,10,2026,0.4424599709454924
HHO,1,10,2027,0.4414568500360474
HHO,1,10,2028,0.35049921891186386
HHO,1,10,2029,0.38909239403437823
HHO,1,10,2030,0.3507136639673263
HHO,2,10,2026,0.42820277996361256
HHO,2,10,2027,0.48347073805052787
HHO,2,10,2028,0.39628090301994234
HHO,2,10,2029,0.4369393220404163
HHO,2,10,2030,0.4337558849947527
HHO,3,10,2026,0.6673583700321615
HHO,3,10,2027,0.5358646769309416
HHO,3,10,2028,0.6342878949362785
HHO,3,10,2029,0.540070142946206
HHO,3,10,2030,0.586978210019879
HHO,4,10,2026,0.7541988979792222
HHO,4,10,2027,0.8192448989721015
HHO,4,10,2028,0.9022525129839778
HHO,4,10,2029,0.7864176579751074
HHO,4,10,2030,0.9125419470947236
HHO,5,10,2026,0.6561773510184139
HHO,5,10,2027,0.5031417050631717
HHO,5,10,2028,0.5548713450552896
HHO,5,10,2029,0.48608271300327033
HHO,5,10,2030,0.5700084989657626
HHO,6,10,2026,0.5470731990644708
HHO,6,10,2027,0.5562506769783795
HHO,6,10,2028,0.543171096011065
HHO,6,10,2029,0.5355654680170119
HHO,6,10,2030,0.5079312010202557
HHO,7,10,2026,3.128026594989933
HHO,7,10,2027,3.1206711769336835
HHO,7,10,2028,3.187089946004562
HHO,7,10,2029,3.0673728979891166
HHO,7,10,2030,3.104677636991255
HHO,8,10,2026,4.079587683081627
HHO,8,10,2027,4.128818505909294
HHO,8,10,2028,3.9949205180164427
HHO,8,10,2029,4.274845530977473
HHO,8,10,2030,4.208560049068183
HHO,9,10,2026,1.1639141550986096
HHO,9,10,2027,1.1006098589859903
HHO,9,10,2028,1.1151327741099522
HHO,9,10,2029,1.0884610660141334
HHO,9,10,2030,1.0980289719300345
HHO,10,10,2026,1.1636651799781248
HHO,10,10,2027,1.102204633061774
HHO,10,10,2028,1.1902876329841092
HHO,10,10,2029,1.1367624559206888
HHO,10,10,2030,1.282507207011804
HHO,11,10,2026,1.8405055860057473
HHO,11,10,2027,1.7143742160405964
HHO,11,10,2028,1.8027574110310525
HHO,11,10,2029,1.7445281520485878
HHO,11,10,2030,1.8074983360711485
HHO,12,10,2026,2.0348646190250292
HHO,12,10,2027,1.8607776940334588
HHO,12,10,2028,1.971564315026626
HHO,12,10,2029,1.989708259003237
HHO,12,10,2030,1.8767718080198392
SCA,1,10,2026,1.2978524969657883
SCA,1,10,2027,1.2406055079773068
SCA,1,10,2028,1.2233762110117823
SCA,1,10,2029,1.1433386360295117
SCA,1,10,2030,1.1547616189345717
SCA,2,10,2026,1.279450686997734
SCA,2,10,2027,1.2637956500984728
SCA,2,10,2028,1.2150533039821312
SCA,2,10,2029,1.2033189870417118
SCA,2,10,2030,1.237052145996131
SCA,3,10,2026,1.4418375750537962
SCA,3,10,2027,1.4324848169926554
SCA,3,10,2028,1.3892150269821286
SCA,3,10,2029,1.3867489750264212
SCA,3,10,2030,1.4865099650342017
SCA,4,10,2026,1.555913335061632
SCA,4,10,2027,1.5223848239984363
SCA,4,10,2028,1.7082577670225874
SCA,4,10,2029,1.5747149509843439
SCA,4,10,2030,1.701653968077153
SCA,5,10,2026,1.2758506198879331
SCA,5,10,2027,1.2469009349588305
SCA,5,10,2028,1.3260195279726759
SCA,5,10,2029,1.2214971660869196
SCA,5,10,2030,1.3469677759567276
SCA,6,10,2026,1.3083610790781677
SCA,6,10,2027,1.3454355499707162
SCA,6,10,2028,1.2794097079895437
SCA,6,10,2029,1.2247476789634675
SCA,6,10,2030,1.3770605030003935
SCA,7,10,2026,4.186530808918178
SCA,7,10,2027,3.855347553966567
SCA,7,10,2028,3.904968955088407
SCA,7,10,2029,4.02365288103465
SCA,7,10,2030,4.275332287070341
SCA,8,10,2026,5.171894216910005
SCA,8,10,2027,4.852104414952919
SCA,8,10,2028,4.920782858040184
SCA,8,10,2029,4.758369820076041
SCA,8,10,2030,5.066017010016367
SCA,9,10,2026,1.8843414869625121
SCA,9,10,2027,1.9527605259791017
SCA,9,10,2028,1.8372275939909741
SCA,9,10,2029,1.9789207699941471
SCA,9,10,2030,1.9165718200383708
SCA,10,10,2026,2.003256881958805
SCA,10,10,2027,1.8619351169327274
SCA,10,10,2028,2.0173548669554293
SCA,10,10,2029,1.9936298270476982
SCA,10,10,2030,1.9000242139445618
SCA,11,10,2026,2.527946069953032
SCA,11,10,2027,2.4327689290512353
SCA,11,10,2028,2.599232936045155
SCA,11,10,2029,2.6834783849772066
SCA,11,10,2030,2.5629403149941936
SCA,12,10,2026,2.6222476889379323
SCA,12,10,2027,2.8421783259836957
SCA,12,10,2028,2.6723249830538407
SCA,12,10,2029,2.7911227949662134
SCA,12,10,2030,2.720415294985287
LSHADE,1,10,2026,1.2346643790369853
LSHADE,1,10,2027,1.4522878139978275
LSHADE,1,10,2028,1.2920200929511338
LSHADE,1,10,2029,1.3613879699259996
LSHADE,1,10,2030,1.2738048019818962
LSHADE,2,10,2026,1.465195058961399
LSHADE,2,10,2027,1.3827834830153733
LSHADE,2,10,2028,1.393587198923342
LSHADE,2,10,2029,1.500438304967247
LSHADE,2,10,2030,1.295727898948826
LSHADE,3,10,2026,1.7028128990205005
LSHADE,3,10,2027,1.652287281001918
LSHADE,3,10,2028,1.5811700290068984
LSHADE,3,10,2029,1.5840582280652598
LSHADE,3,10,2030,1.497746083070524
LSHADE,4,10,2026,1.9147768219700083
LSHADE,4,10,2027,1.9821225019404665
LSHADE,4,10,2028,1.8648060320410877
LSHADE,4,10,2029,1.9788122710306197
LSHADE,4,10,2030,1.8487942990614101
LSHADE,5,10,2026,1.4947891990887001
LSHADE,5,10,2027,1.4329009759239852
LSHADE,5,10,2028,1.4209659389453009
LSHADE,5,10,2029,1.4480525340186432
LSHADE,5,10,2030,1.4855641500325873
LSHADE,6,10,2026,1.5878825769759715
LSHADE,6,10,2027,1.471729685086757
LSHADE,6,10,2028,1.5033501940779388
LSHADE,6,10,2029,1.5474678429309279
LSHADE,6,10,2030,1.522776735946536
LSHADE,7,10,2026,3.9402247359976172
LSHADE,7,10,2027,4.26491629704833
LSHADE,7,10,2028,4.364629135001451
LSHADE,7,10,2029,4.2106144649442285
LSHADE,7,10,2030,4.29008766298648
LSHADE,8,10,2026,5.031263730023056
LSHADE,8,10,2027,5.57479249406606
LSHADE,8,10,2028,5.085941046010703
LSHADE,8,10,2029,5.235547756077722
LSHADE,8,10,2030,5.149810670060106
LSHADE,9,10,2026,2.0234791199909523
LSHADE,9,10,2027,2.0915397190256044
LSHADE,9,10,2028,2.0841587129980326
LSHADE,9,10,2029,2.048261758987792
LSHADE,9,10,2030,2.2110059360275045
LSHADE,10,10,2026,2.1918067189399153
LSHADE,10,10,2027,2.2598158849868923
LSHADE,10,10,2028,2.38883187295869
LSHADE,10,10,2029,2.1339724849676713
LSHADE,10,10,2030,2.151991694001481
LSHADE,11,10,2026,2.8090660830494016
LSHADE,11,10,2027,2.7661790850106627
LSHADE,11,10,2028,2.744456431013532
LSHADE,11,10,2029,2.9056152750272304
LSHADE,11,10,2030,2.8721446649869904
LSHADE,12,10,2026,3.0135202349629253
LSHADE,12,10,2027,2.944754606927745
LSHADE,12,10,2028,3.214878760976717
LSHADE,12,10,2029,3.06044315895997
LSHADE,12,10,2030,2.8939681940246373
ABMO,1,20,2026,0.45136837696190923
ABMO,1,20,2027,0.4402866610325873
ABMO,1,20,2028,0.44419225701130927
ABMO,1,20,2029,0.4448538690339774
ABMO,1,20,2030,0.4779606700176373
ABMO,2,20,2026,0.5141211939044297
ABMO,2,20,2027,0.4751555100083351
ABMO,2,20,2028,0.5095941219478846
ABMO,2,20,2029,0.5358201630879194
ABMO,2,20,2030,0.5998064529849216
ABMO,3,20,2026,0.702141085988842
ABMO,3,20,2027,0.8299907019827515
ABMO,3,20,2028,0.72230327303987
ABMO,3,20,2029,0.7167462800862268
ABMO,3,20,2030,0.7498708959901705
ABMO,4,20,2026,0.8483945810003206
ABMO,4,20,2027,0.8178549949079752
ABMO,4,20,2028,0.8997957099927589
ABMO,4,20,2029,0.9253436770522967
ABMO,4,20,2030,0.870837957947515
ABMO,5,20,2026,0.6014115009456873
ABMO,5,20,2027,0.6405904119601473
ABMO,5,20,2028,0.6870417849859223
ABMO,5,20,2029,0.5944835279369727
ABMO,5,20,2030,0.6049961099633947
ABMO,6,20,2026,0.6024856650037691
ABMO,6,20,2027,0.6193100820528343
ABMO,6,20,2028,0.741595889092423
ABMO,6,20,2029,0.5681557670468464
ABMO,6,20,2030,0.5821087869117036
ABMO,7,20,2026,5.175842566997744
ABMO,7,20,2027,5.198710317956284
ABMO,7,20,2028,5.128557821037248
ABMO,7,20,2029,5.436815427965485
ABMO,7,20,2030,5.346084383083507
ABMO,8,20,2026,6.915421145968139
ABMO,8,20,2027,7.200317122042179
ABMO,8,20,2028,7.077049014973454
ABMO,8,20,2029,6.762031411984935
ABMO,8,20,2030,7.343230328988284
ABMO,9,20,2026,1.2755653490312397
ABMO,9,20,2027,1.1731302660191432
ABMO,9,20,2028,1.3394218990579247
ABMO,9,20,2029,1.2063832980347797
ABMO,9,20,2030,1.210597536060959
ABMO,10,20,2026,1.348310851957649
ABMO,10,20,2027,1.1603338270215318
ABMO,10,20,2028,1.2811607510084286
ABMO,10,20,2029,1.3556239940226078
ABMO,10,20,2030,1.1914506379980594
ABMO,11,20,2026,1.848924177000299
ABMO,11,20,2027,1.867038620985113
ABMO,11,20,2028,1.964466922916472
ABMO,11,20,2029,1.9225691730389372
ABMO,11,20,2030,1.837292834999971
ABMO,12,20,2026,1.9050669498974457
ABMO,12,20,2027,1.8551443120231852
ABMO,12,20,2028,2.0891250979620963
ABMO,12,20,2029,2.054611634928733
ABMO,12,20,2030,1.983039355953224
AS-ABMO,1,20,2026,0.5134093750966713
AS-ABMO,1,20,2027,0.5326204859884456
AS-ABMO,1,20,2028,0.4888318730518222
AS-ABMO,1,20,2029,0.4493383599910885
AS-ABMO,1,20,2030,0.5038304560584947
AS-ABMO,2,20,2026,0.5175191840389743
AS-ABMO,2,20,2027,0.5317235400434583
AS-ABMO,2,20,2028,0.5440448790322989
AS-ABMO,2,20,2029,0.5691578090190887
AS-ABMO,2,20,2030,0.5172096830792725
AS-ABMO,3,20,2026,0.7170851030386984
AS-ABMO,3,20,2027,0.8068285159533843
AS-ABMO,3,20,2028,0.6673452019458637
AS-ABMO,3,20,2029,0.8187404060736299
AS-ABMO,3,20,2030,0.7442202470265329
AS-ABMO,4,20,2026,0.9242822750238702
AS-ABMO,4,20,2027,0.8943181199720129
AS-ABMO,4,20,2028,0.8654070409247652
AS-ABMO,4,20,2029,0.9033462369116023
AS-ABMO,4,20,2030,1.0141188439447433
AS-ABMO,5,20,2026,0.5978941770736128
AS-ABMO,5,20,2027,0.7321281420299783
AS-ABMO,5,20,2028,0.6149883249308914
AS-ABMO,5,20,2029,0.7260787100531161
AS-ABMO,5,20,2030,0.5920382370240986
AS-ABMO,6,20,2026,0.6483168069971725
AS-ABMO,6,20,2027,0.7363512249430642
AS-ABMO,6,20,2028,0.6195257140789181
AS-ABMO,6,20,2029,0.6846661620074883
AS-ABMO,6,20,2030,0.6964425529586151
AS-ABMO,7,20,2026,5.451422071899287
AS-ABMO,7,20,2027,5.2868949950207025
AS-ABMO,7,20,2028,5.112486300058663
AS-ABMO,7,20,2029,5.002921239007264
AS-ABMO,7,20,2030,5.154819999937899
AS-ABMO,8,20,2026,7.094934188993648
AS-ABMO,8,20,2027,7.125989847932942
AS-ABMO,8,20,2028,7.034532437915914
AS-ABMO,8,20,2029,7.213378709973767
AS-ABMO,8,20,2030,6.9428708490449935
AS-ABMO,9,20,2026,1.262463822029531
AS-ABMO,9,20,2027,1.2143174279481173
AS-ABMO,9,20,2028,1.3398336879909039
AS-ABMO,9,20,2029,1.1436276220483705
AS-ABMO,9,20,2030,1.2832677599508315
AS-ABMO,10,20,2026,1.3671176930656657
AS-ABMO,10,20,2027,1.34205799899064
AS-ABMO,10,20,2028,1.2711694210302085
AS-ABMO,10,20,2029,1.1934826109791175
AS-ABMO,10,20,2030,1.2446997109800577
AS-ABMO,11,20,2026,1.8153131779981777
AS-ABMO,11,20,2027,1.7981691899476573
AS-ABMO,11,20,2028,1.8627102110767737
AS-ABMO,11,20,2029,1.9332256959751248
AS-ABMO,11,20,2030,1.864661920000799
AS-ABMO,12,20,2026,1.9242818159982562
AS-ABMO,12,20,2027,1.9764904680196196
AS-ABMO,12,20,2028,2.128315246081911
AS-ABMO,12,20,2029,1.9520437630126253
AS-ABMO,12,20,2030,1.9792685309657827
RUN,1,20,2026,1.2612105800071731
RUN,1,20,2027,1.423997320001945
RUN,1,20,2028,1.2661123879952356
RUN,1,20,2029,1.269939296063967
RUN,1,20,2030,1.2003597209695727
RUN,2,20,2026,1.3709316179156303
RUN,2,20,2027,1.4375764529686421
RUN,2,20,2028,1.3229204659583047
RUN,2,20,2029,1.4334313590079546
RUN,2,20,2030,1.2585684820078313
RUN,3,20,2026,1.5683144580107182
RUN,3,20,2027,1.6564709830563515
RUN,3,20,2028,1.5571050069993362
RUN,3,20,2029,1.6819250279804692
RUN,3,20,2030,1.6983963940292597
RUN,4,20,2026,1.7971496609970927
RUN,4,20,2027,1.8810168069321662
RUN,4,20,2028,1.7313089009840041
RUN,4,20,2029,1.676483549992554
RUN,4,20,2030,1.7211146949557588
RUN,5,20,2026,1.4574323541019112
RUN,5,20,2027,1.3600882479222491
RUN,5,20,2028,1.409350931062363
RUN,5,20,2029,1.4747381600318477
RUN,5,20,2030,1.500630239956081
RUN,6,20,2026,1.5774438590742648
RUN,6,20,2027,1.503451928962022
RUN,6,20,2028,1.5700707810465246
RUN,6,20,2029,1.5448979838984087
RUN,6,20,2030,1.4372338049579412
RUN,7,20,2026,6.104738972033374
RUN,7,20,2027,6.5779406720539555
RUN,7,20,2028,6.389997631078586
RUN,7,20,2029,6.459139654994942
RUN,7,20,2030,5.756351495045237
RUN,8,20,2026,8.139371130964719
RUN,8,20,2027,8.535016314010136
RUN,8,20,2028,8.259007327957079
RUN,8,20,2029,8.217761424952187
RUN,8,20,2030,8.316622410085984
RUN,9,20,2026,2.117529151029885
RUN,9,20,2027,2.109032980981283
RUN,9,20,2028,2.194033731939271
RUN,9,20,2029,2.206556354998611
RUN,9,20,2030,2.055885179899633
RUN,10,20,2026,2.1683796809520572
RUN,10,20,2027,2.3285968879936263
RUN,10,20,2028,2.1741886750096455
RUN,10,20,2029,2.1076413970440626
RUN,10,20,2030,2.0040353909134865
RUN,11,20,2026,3.081629878957756
RUN,11,20,2027,2.762907012947835
RUN,11,20,2028,2.877035537036136
RUN,11,20,2029,2.80858478799928
RUN,11,20,2030,2.8346104259835556
RUN,12,20,2026,2.77550180000253
RUN,12,20,2027,2.911973724956624
RUN,12,20,2028,3.0468881169799715
RUN,12,20,2029,3.1293549729743972
RUN,12,20,2030,2.849477965035476
GWO,1,20,2026,0.5688544479198754
GWO,1,20,2027,0.568745160009712
GWO,1,20,2028,0.6671020159265026
GWO,1,20,2029,0.5908183889696375
GWO,1,20,2030,0.7013387819752097
GWO,2,20,2026,0.6797584570012987
GWO,2,20,2027,0.689006284927018
GWO,2,20,2028,0.7278800839558244
GWO,2,20,2029,0.6382292269263417
GWO,2,20,2030,0.725186416064389
GWO,3,20,2026,0.8866851169150323
GWO,3,20,2027,1.0128283660160378
GWO,3,20,2028,0.8889062569942325
GWO,3,20,2029,0.9115996300242841
GWO,3,20,2030,1.096397602930665
GWO,4,20,2026,1.1357154179131612
GWO,4,20,2027,0.9835475559812039
GWO,4,20,2028,1.1213557899463922
GWO,4,20,2029,1.1014537489973009
GWO,4,20,2030,1.011120503069833
GWO,5,20,2026,0.9322768689598888
GWO,5,20,2027,0.7398924470180646
GWO,5,20,2028,0.8349577200133353
GWO,5,20,2029,0.7945361450547352
GWO,5,20,2030,0.7848387319827452
GWO,6,20,2026,0.9274582349462435
GWO,6,20,2027,0.7983316249446943
GWO,6,20,2028,0.7717798210214823
GWO,6,20,2029,0.7821624070638791
GWO,6,20,2030,0.8335771589772776
GWO,7,20,2026,5.742489040014334
GWO,7,20,2027,5.50839500897564
GWO,7,20,2028,5.801274797995575
GWO,7,20,2029,5.725919845048338
GWO,7,20,2030,5.569506656029262
GWO,8,20,2026,7.624900079914369
GWO,8,20,2027,7.307082114974037
GWO,8,20,2028,7.300331298960373
GWO,8,20,2029,7.523019385989755
GWO,8,20,2030,7.300838892930187
GWO,9,20,2026,1.2673912959871814
GWO,9,20,2027,1.5693765039322898
GWO,9,20,2028,1.3583125380100682
GWO,9,20,2029,1.3514304039999843
GWO,9,20,2030,1.4758256699424237
GWO,10,20,2026,1.4813251979649067
GWO,10,20,2027,1.3024220690131187
GWO,10,20,2028,1.6079012879636139
GWO,10,20,2029,1.3724971800111234
GWO,10,20,2030,1.5946075289975852
GWO,11,20,2026,2.129929280024953
GWO,11,20,2027,2.3114323989721015
GWO,11,20,2028,2.2071039979346097
GWO,11,20,2029,2.0655099840369076
GWO,11,20,2030,2.202618708019145
GWO,12,20,2026,2.266151549993083
GWO,12,20,2027,2.1263000100152567
GWO,12,20,2028,2.2252225620904937
GWO,12,20,2029,2.169851175043732
GWO,12,20,2030,2.125298295984976
WOA,1,20,2026,0.5345088820904493
WOA,1,20,2027,0.4794125199550763
WOA,1,20,2028,0.4713604160351679
WOA,1,20,2029,0.5011589709902182
WOA,1,20,2030,0.4879480330273509
WOA,2,20,2026,0.5705511509440839
WOA,2,20,2027,0.6005401959409937
WOA,2,20,2028,0.5602396409958601
WOA,2,20,2029,0.542549469973892
WOA,2,20,2030,0.5235169789521024
WOA,3,20,2026,0.7333979260874912
WOA,3,20,2027,0.822089844965376
WOA,3,20,2028,0.6953356750309467
WOA,3,20,2029,0.7281288189115003
WOA,3,20,2030,0.7719516579527408
WOA,4,20,2026,0.9689880800433457
WOA,4,20,2027,0.955035954946652
WOA,4,20,2028,1.0257175309816375
WOA,4,20,2029,0.9337249360978603
WOA,4,20,2030,1.012126557994634
WOA,5,20,2026,0.6475229959469289
WOA,5,20,2027,0.5953637290513143
WOA,5,20,2028,0.6607439370127395
WOA,5,20,2029,0.5929675330407917
WOA,5,20,2030,0.6610692359972745
WOA,6,20,2026,0.733153932960704
WOA,6,20,2027,0.6491572819650173
WOA,6,20,2028,0.7273536591092125
WOA,6,20,2029,0.6839194690110162
WOA,6,20,2030,0.7057990860193968
WOA,7,20,2026,5.420956111047417
WOA,7,20,2027,5.232720408006571
WOA,7,20,2028,5.252627146895975
WOA,7,20,2029,5.262566477991641
WOA,7,20,2030,5.307049088994972
WOA,8,20,2026,7.537184902001172
WOA,8,20,2027,7.417483606026508
WOA,8,20,2028,7.21087022300344
WOA,8,20,2029,7.316906078020111
WOA,8,20,2030,7.367955864989199
WOA,9,20,2026,1.2310550529509783
WOA,9,20,2027,1.3087389919674024
WOA,9,20,2028,1.272924414020963
WOA,9,20,2029,1.259770249016583
WOA,9,20,2030,1.2390586730325595
WOA,10,20,2026,1.257157405023463
WOA,10,20,2027,1.2781512410147116
WOA,10,20,2028,1.3261052989400923
WOA,10,20,2029,1.450270922970958
WOA,10,20,2030,1.318662456003949
WOA,11,20,2026,2.066963504999876
WOA,11,20,2027,1.9907414290355518
WOA,11,20,2028,2.189478215062991
WOA,11,20,2029,1.9472030440811068
WOA,11,20,2030,1.9781453859759495
WOA,12,20,2026,2.193407778046094
WOA,12,20,2027,2.0871016510063782
WOA,12,20,2028,2.0124156659003347
WOA,12,20,2029,2.1082899030297995
WOA,12,20,2030,2.0736035039881244
HHO,1,20,2026,0.3956168621079996
HHO,1,20,2027,0.36458611802663654
HHO,1,20,2028,0.45269355503842235
HHO,1,20,2029,0.46224311308469623
HHO,1,20,2030,0.3894713120535016
HHO,2,20,2026,0.46624509897083044
HHO,2,20,2027,0.4482167219975963
HHO,2,20,2028,0.4256786770420149
HHO,2,20,2029,0.4841700280085206
HHO,2,20,2030,0.4991741710109636
HHO,3,20,2026,0.5528770480304956
HHO,3,20,2027,0.6582293279934675
HHO,3,20,2028,0.5798828370170668
HHO,3,20,2029,0.6626771281007677
HHO,3,20,2030,0.637123782071285
HHO,4,20,2026,0.8462581019848585
HHO,4,20,2027,0.783198616001755
HHO,4,20,2028,0.8231090919580311
HHO,4,20,2029,0.9151171209523454
HHO,4,20,2030,0.8208514780271798
HHO,5,20,2026,0.5207711720140651
HHO,5,20,2027,0.5006716978969052
HHO,5,20,2028,0.5101841130526736
HHO,5,20,2029,0.5102371090324596
HHO,5,20,2030,0.5752377570606768
HHO,6,20,2026,0.5275481570279226
HHO,6,20,2027,0.5599792069988325
HHO,6,20,2028,0.559867565985769
HHO,6,20,2029,0.5707861959235743
HHO,6,20,2030,0.7815281819785014
HHO,7,20,2026,5.149204132030718
HHO,7,20,2027,5.1760503289988264
HHO,7,20,2028,4.928311778930947
HHO,7,20,2029,5.134035379975103
HHO,7,20,2030,5.228551876032725
HHO,8,20,2026,7.085228279000148
HHO,8,20,2027,7.289573046960868
HHO,8,20,2028,7.191743411007337
HHO,8,20,2029,6.940287758014165
HHO,8,20,2030,7.061272652004845
HHO,9,20,2026,1.2129515850683674
HHO,9,20,2027,1.0230365530587733
HHO,9,20,2028,1.0088406250579283
HHO,9,20,2029,1.1920453601051122
HHO,9,20,2030,1.0344658420654014
HHO,10,20,2026,1.2732688030228019
HHO,10,20,2027,1.2359084789641201
HHO,10,20,2028,1.2504461799981073
HHO,10,20,2029,1.1979687479324639
HHO,10,20,2030,1.362902263063006
HHO,11,20,2026,1.669503215001896
HHO,11,20,2027,1.8812780199805275
HHO,11,20,2028,1.8494860110804439
HHO,11,20,2029,1.836601972929202
HHO,11,20,2030,1.8235355210490525
HHO,12,20,2026,2.0203692270442843
HHO,12,20,2027,1.8914090580074117
HHO,12,20,2028,2.0457936440361664
HHO,12,20,2029,1.7176447509555146
HHO,12,20,2030,1.9835573410382494
SCA,1,20,2026,2.0209427929949015
SCA,1,20,2027,1.7976058459607884
SCA,1,20,2028,1.721578533994034
SCA,1,20,2029,1.8560281989630312
SCA,1,20,2030,1.6965011300053447
SCA,2,20,2026,1.6958827869966626
SCA,2,20,2027,1.9189413760323077
SCA,2,20,2028,1.8286154490197077
SCA,2,20,2029,1.8737156949937344
SCA,2,20,2030,1.8331391689134762
SCA,3,20,2026,2.012843250995502
SCA,3,20,2027,1.9859173320000991
SCA,3,20,2028,2.042754911002703
SCA,3,20,2029,2.0011222490575165
SCA,3,20,2030,2.0038738410221413
SCA,4,20,2026,2.3113794119562954
SCA,4,20,2027,2.207202563993633
SCA,4,20,2028,2.204279407975264
SCA,4,20,2029,2.258695675060153
SCA,4,20,2030,2.2624821049394086
SCA,5,20,2026,1.8189645239617676
SCA,5,20,2027,1.78018698701635
SCA,5,20,2028,1.7591888540191576
SCA,5,20,2029,1.82389835792128
SCA,5,20,2030,1.9881044019712135
SCA,6,20,2026,1.969678055960685
SCA,6,20,2027,2.047569952090271
SCA,6,20,2028,1.8125634270254523
SCA,6,20,2029,1.9536142270080745
SCA,6,20,2030,1.8475328830536455
SCA,7,20,2026,6.131121412967332
SCA,7,20,2027,6.5592075899476185
SCA,7,20,2028,6.608658115961589
SCA,7,20,2029,6.67630180506967
SCA,7,20,2030,6.476642056019045
SCA,8,20,2026,8.37399049603846
SCA,8,20,2027,8.413013532059267
SCA,8,20,2028,8.673835676978342
SCA,8,20,2029,8.463055505999364
SCA,8,20,2030,8.838317945948802
SCA,9,20,2026,2.530876128003001
SCA,9,20,2027,2.4658914590254426
SCA,9,20,2028,2.538624670007266
SCA,9,20,2029,2.4630385719938204
SCA,9,20,2030,2.7181145030772313
SCA,10,20,2026,2.452705767005682
SCA,10,20,2027,2.575003864010796
SCA,10,20,2028,2.838529429049231
SCA,10,20,2029,2.510972633957863
SCA,10,20,2030,2.723507432034239
SCA,11,20,2026,3.296117979916744
SCA,11,20,2027,3.308843704056926
SCA,11,20,2028,3.309497121023014
SCA,11,20,2029,3.304605521960184
SCA,11,20,2030,3.141674692975357
SCA,12,20,2026,3.408080470049754
SCA,12,20,2027,3.23669507203158
SCA,12,20,2028,3.2969133590813726
SCA,12,20,2029,3.18416093592532
SCA,12,20,2030,3.530249863048084
LSHADE,1,20,2026,1.5213216210249811
LSHADE,1,20,2027,1.37719310389366
LSHADE,1,20,2028,1.434298366890289
LSHADE,1,20,2029,1.5752997709205374
LSHADE,1,20,2030,1.3823573199333623
LSHADE,2,20,2026,1.4651575139723718
LSHADE,2,20,2027,1.48761018703226
LSHADE,2,20,2028,1.4330377019941807
LSHADE,2,20,2029,1.4475623670732602
LSHADE,2,20,2030,1.4538698109099641
LSHADE,3,20,2026,1.5477513200603426
LSHADE,3,20,2027,1.4746998010668904
LSHADE,3,20,2028,1.6723782380577177
LSHADE,3,20,2029,1.8351030419580638
LSHADE,3,20,2030,1.7170482539804652
LSHADE,4,20,2026,1.8537951910402626
LSHADE,4,20,2027,2.0657768750097603
LSHADE,4,20,2028,1.7690966840600595
LSHADE,4,20,2029,1.9914818149991333
LSHADE,4,20,2030,1.8368982260581106
LSHADE,5,20,2026,1.546130596078001
LSHADE,5,20,2027,1.4826395160052925
LSHADE,5,20,2028,1.5838267100043595
LSHADE,5,20,2029,1.5352476859698072
LSHADE,5,20,2030,1.4744315830757841
LSHADE,6,20,2026,1.6029350999742746
LSHADE,6,20,2027,1.6197848829906434
LSHADE,6,20,2028,1.5073394239880145
LSHADE,6,20,2029,1.623083574930206
LSHADE,6,20,2030,1.5264403889887035
LSHADE,7,20,2026,6.2023163109552115
LSHADE,7,20,2027,6.430766997975297
LSHADE,7,20,2028,6.379166005994193
LSHADE,7,20,2029,6.099852132960223
LSHADE,7,20,2030,6.095040914020501
LSHADE,8,20,2026,7.882096968940459
LSHADE,8,20,2027,8.139411916024983
LSHADE,8,20,2028,8.334951146040112
LSHADE,8,20,2029,8.331009496934712
LSHADE,8,20,2030,8.229726659017615
LSHADE,9,20,2026,2.217776173958555
LSHADE,9,20,2027,2.129053453099914
LSHADE,9,20,2028,2.2347824330208823
LSHADE,9,20,2029,2.1393850169843063
LSHADE,9,20,2030,2.0922134310239926
LSHADE,10,20,2026,2.2681468470254913
LSHADE,10,20,2027,2.381286981049925
LSHADE,10,20,2028,2.181968246004544
LSHADE,10,20,2029,2.1690766429528594
LSHADE,10,20,2030,2.334459763020277
LSHADE,11,20,2026,2.7684522620402277
LSHADE,11,20,2027,2.8422232680022717
LSHADE,11,20,2028,3.1522239019395784
LSHADE,11,20,2029,2.8085632630391046
LSHADE,11,20,2030,2.9119385280646384
LSHADE,12,20,2026,2.739220308023505
LSHADE,12,20,2027,2.655400391900912
LSHADE,12,20,2028,2.6393354249885306
LSHADE,12,20,2029,2.6244131309213117
LSHADE,12,20,2030,2.59690608701203
