x1,x2,x3,x4,x5,x6,x7,x8,Tot-Deformation-Max,Stress-Max,Life-Min,Mass,Volume
260,37.5,60,42.5,25,95,80,100,0.168592684,130.7353996,6.38E+06,1.114354407,1.42E+05
63.01,3.01,20.01,13.51,5,5,7,7,0.16067,124.19,1.75E+07,1.5354,1.96E+05
201.274,8.632,28.055,21.555,12.984,83.018,79.537,56.766,0.163490781,126.2939206,1.26E+07,1.403626785,1.79E+05
93.99,20.126,21.219,22.708,5.393,61.383,35.93,48.674,0.161792822,124.9785974,1.54E+07,1.471954376,1.88E+05
247.599,15.638,37.396,23.987,15.04,15.984,55.684,86.908,0.16443175,126.8558188,1.15E+07,1.366069692,1.74E+05
104.413,25.947,29.519,13.983,5.808,47.988,31.489,33.375,0.161328721,124.6881969,1.61E+07,1.471988725,1.88E+05
87.099,25.609,23.519,39.314,22.145,84.893,25.112,66.931,0.161981207,125.0451532,1.53E+07,1.427552983,1.82E+05
103.332,36.398,21.776,41.7,18.695,74.896,63.339,14.527,0.161231054,124.6808686,1.62E+07,1.422184093,1.81E+05
224.406,35.448,34.273,37.908,10.036,76.501,66.188,49.02,0.163524481,126.8031203,1.16E+07,1.299001152,1.65E+05
73.748,25.265,39.958,38.124,16.555,40.647,70.531,13.382,0.161219097,124.6822705,1.62E+07,1.46116105,1.86E+05
186.728,19.521,40.818,30.831,14.995,70.672,34.853,36.908,0.161640567,125.0135553,1.53E+07,1.417077163,1.81E+05
117.423,23.062,58.648,34.701,18.118,79.504,19.436,37.392,0.161251229,124.6774227,1.62E+07,1.423736107,1.81E+05
139.074,26.749,56.063,15.644,15.33,54.432,16.294,31.442,0.161126111,124.5754109,1.64E+07,1.442702838,1.84E+05
128.409,8.902,43.62,18.415,19.092,62.464,12.9,53.787,0.161277397,124.5185865,1.66E+07,1.484133675,1.89E+05
259.406,4.709,38.633,36.711,13.182,57.725,51.247,9.349,0.16095564,124.3885931,1.69E+07,1.483209654,1.89E+05
99.488,28.097,50.519,22.624,6.984,90.573,76.073,33.193,0.16214973,125.3413967,1.46E+07,1.420094716,1.81E+05
165.927,31.873,23.95,40.119,7.04,10.46,55.404,28.214,0.162303028,125.7912951,1.36E+07,1.345740308,1.71E+05
236.059,10.009,52.307,39.017,11.326,45.88,48.774,38.663,0.16192097,125.21087,1.49E+07,1.425725662,1.82E+05
153.127,5.14,44.614,17.152,20.403,78.24,58.957,34.882,0.161845811,124.275886,1.72E+07,1.446419478,1.84E+05
233.803,35.637,33.412,27.26,17.919,6.132,7.038,98.007,0.162678416,125.7721899,1.36E+07,1.362267478,1.74E+05
96.706,35.124,53.891,16.766,14.427,5.734,18.056,55.13,0.161535531,124.8197064,1.58E+07,1.453801038,1.85E+05
116.952,21.533,29.305,30.258,24.286,48.755,38.191,35.854,0.161522776,124.8009496,1.59E+07,1.442418238,1.84E+05
194.16,30.051,57.257,14.709,8.408,31.722,37.52,52.099,0.162364551,125.6686357,1.38E+07,1.384721205,1.76E+05
249.63,16.532,35.909,14.11,10.291,35.048,59.825,42.615,0.16244026,125.6148882,1.40E+07,1.411306781,1.80E+05
190.339,13.647,45.373,25.167,21.185,77.08,40.143,71.08,0.162801976,125.6590639,1.39E+07,1.3979211,1.78E+05
209.485,22.077,35.548,25.083,12.209,39.303,50.23,16.113,0.161359843,124.8756179,1.57E+07,1.425790619,1.82E+05
174.436,29.788,49.618,38.833,9.9,33.594,17.222,84.259,0.162894252,126.0236017,1.31E+07,1.334539379,1.70E+05
84.716,12.79,47.503,26.038,20.998,7.078,29.428,76.225,0.1624304,125.2769796,1.47E+07,1.466875542,1.87E+05
243.384,10.912,29.776,21.1,17.8,68.147,26.031,94.002,0.16304037,125.6156906,1.40E+07,1.423074306,1.81E+05
143.232,23.956,57.691,15.347,13.783,63.884,57.697,11.684,0.161120716,124.601966,1.64E+07,1.444127682,1.84E+05
197.15,36.659,50.327,37.051,22.561,41.671,28.815,77.2,0.163261341,126.4393343,1.23E+07,1.31881502,1.68E+05
123.804,28.706,39.361,35.783,6.589,88.411,48.356,93.715,0.164390037,126.7680236,1.17E+07,1.361598704,1.73E+05
220.882,29.223,48.925,17.73,13.066,66.599,61.991,75.655,0.164436696,127.1459097,1.10E+07,1.306534769,1.66E+05
114.926,9.498,32.789,35.285,24.924,26.564,70.123,62.997,0.163443675,126.1348757,1.29E+07,1.415537004,1.80E+05
174.939,4.129,36.65,36.317,18.976,46.382,45.136,86.713,0.163632411,126.0947871,1.30E+07,1.418079158,1.81E+05
232.223,26.531,27.913,35.215,9.147,47.734,50.158,13.065,0.161451282,125.0205598,1.53E+07,1.397720032,1.78E+05
246.78,7.726,25.782,28.393,12.614,64.622,13.159,65.24,0.161583392,124.7461148,1.60E+07,1.474722914,1.88E+05
184.416,20.49,55.256,26.495,5.905,28.688,61.72,78.785,0.164460366,127.0833176,1.11E+07,1.327316679,1.69E+05
140.946,24.537,36.061,16.396,12.346,27.426,22.303,57.45,0.161766188,124.9629611,1.55E+07,1.448086787,1.84E+05
179.596,30.946,41.745,29.782,24.704,24.399,29.791,46.126,0.162297314,125.7034588,1.38E+07,1.338254052,1.70E+05
210.986,10.35,32.212,40.413,23.456,61.145,49.293,43.877,0.162067106,125.2098674,1.49E+07,1.420356892,1.81E+05
82.327,27.91,33.218,24.302,10.437,50.986,27.503,28.74,0.161147373,124.5580987,1.65E+07,1.472460553,1.88E+05
87.771,21.841,51.226,38.264,9.359,86.261,11.377,97.262,0.16228857,125.1312793,1.51E+07,1.445703879,1.84E+05
70.179,37.417,53.09,41.002,9.718,55.354,53.761,39.849,0.162199171,125.7539539,1.37E+07,1.412499353,1.80E+05
148.216,23.208,58.306,35.51,19.81,25.281,77.079,8.09,0.161510439,125.0831892,1.52E+07,1.378233913,1.76E+05
202.901,12.266,42.022,18.039,23.902,65.679,65.633,66.542,0.16358734,126.2955496,1.26E+07,1.37911509,1.76E+05
218.033,20.953,45.848,29.57,6.706,38.151,71.184,70.085,0.164301678,127.0196435,1.12E+07,1.340161127,1.71E+05
197.733,37.178,36.967,17.596,20.724,93.936,24.171,18.88,0.161411263,125.0640565,1.52E+07,1.355156161,1.73E+05
195.431,14.248,35.085,29.389,11.439,80.514,39.146,89.035,0.163554578,126.1091226,1.29E+07,1.397995369,1.78E+05
74.606,16.105,53.541,32.177,16.741,11.798,78.917,18.253,0.161464728,124.836275,1.58E+07,1.469816817,1.87E+05
80.45,23.42,56.428,32.848,18.314,50.112,40.679,82.856,0.163232152,125.919036,1.33E+07,1.40184296,1.79E+05
158.898,30.405,41.667,28.62,14.029,9.278,54.779,27.582,0.16224174,125.7182175,1.37E+07,1.348600689,1.72E+05
108.479,7.345,31.413,41.507,19.5,16.341,68.877,71.451,0.163870218,126.4181339,1.23E+07,1.415292274,1.80E+05
146.556,17.956,52.78,22.05,18.485,13.327,42.266,44.788,0.161932951,125.1541604,1.50E+07,1.442882993,1.84E+05
126.797,5.661,37.939,19.813,21.557,20.723,15.513,30.21,0.160967614,124.3669373,1.70E+07,1.51254906,1.93E+05
137.528,17.15,30.261,18.861,17.657,87.649,7.652,31.977,0.160904232,124.3254946,1.71E+07,1.466689187,1.87E+05
222.739,3.631,59.653,33.996,7.479,81.122,12.022,69.287,0.161575705,124.7622714,1.60E+07,1.475427084,1.88E+05
181.448,11.588,34.428,36.172,5.288,35.968,45.945,58.451,0.162606789,125.6366619,1.39E+07,1.419347742,1.81E+05
209.021,11.168,22.329,22.96,22.382,53.62,9.378,68.083,0.161505658,124.6706174,1.62E+07,1.46739624,1.87E+05
225.56,4.89,54.073,20.604,9.571,71.641,56.916,89.691,0.164411958,126.6603745,1.19E+07,1.402201705,1.79E+05
250.843,5.97,24.126,24.637,10.809,30.119,14.663,20.583,0.160901745,124.3831928,1.69E+07,1.505985445,1.92E+05
238.464,18.779,39.246,19.718,5.595,29.292,8.439,81.081,0.161920212,125.0389708,1.53E+07,1.439637098,1.83E+05
121.436,22.779,46.474,23.338,21.994,78.936,30.437,96.725,0.163363527,125.7979114,1.36E+07,1.391932224,1.77E+05
163.848,34.463,57.433,20.843,10.891,10.013,33.896,49.974,0.162650154,126.0277918,1.31E+07,1.324627941,1.69E+05
65.585,27.548,44.217,34.887,6.211,69.585,74.573,35.285,0.162215164,125.4550804,1.43E+07,1.433500095,1.83E+05
132.744,4.217,51.564,37.224,17.418,28.163,11.214,68.347,0.161502933,124.6472264,1.62E+07,1.486029206,1.89E+05
205.737,31.384,34.895,31.829,17.281,82.443,22.199,40.459,0.161741464,125.2445017,1.48E+07,1.365253145,1.74E+05
155.174,6.352,54.617,19.404,15.813,23.476,67.859,79.854,0.164417175,126.8085511,1.16E+07,1.392512375,1.77E+05
150.388,14.705,55.772,25.66,16.435,30.769,27.068,11.488,0.16104901,124.6053265,1.63E+07,1.440206848,1.83E+05
71.998,12.735,59.945,26.837,8.835,34.583,9.531,91.483,0.161960068,124.8504956,1.57E+07,1.48667856,1.89E+05
144.857,10.641,40.207,26.295,18.541,19.675,45.648,61.908,0.162574101,125.5255069,1.42E+07,1.445734132,1.84E+05
192.398,29.479,30.992,33.747,17.118,18.132,20.635,53.118,0.161881819,125.2718292,1.47E+07,1.39991699,1.78E+05
254.937,24.209,33.725,32.683,7.725,24.747,19.919,24.005,0.161414467,124.9628768,1.55E+07,1.403463637,1.79E+05
160.903,12.052,56.888,31.425,13.42,7.424,15.607,21.334,0.161052183,124.5845525,1.64E+07,1.454282683,1.85E+05
68.083,33.02,22.393,30.58,8.584,87.101,60.469,90.391,0.164611394,126.8283585,1.16E+07,1.379853739,1.76E+05
171.49,8.002,43.945,16.569,19.468,42.481,62.402,60.128,0.163126532,125.9676659,1.32E+07,1.414366276,1.80E+05
188.907,32.729,45.335,18.758,11.883,63.025,64.803,85.569,0.165197877,127.6094251,1.03E+07,1.297805693,1.65E+05
219.818,18.312,26.374,15.027,15.339,8.163,56.356,15.437,0.161340306,124.8315009,1.58E+07,1.453046729,1.85E+05
112.697,27.314,46.819,30.021,24.005,73.262,69.483,17.281,0.161399105,124.7574674,1.60E+07,1.413280087,1.80E+05
239.07,35.963,31.299,16.158,7.204,66.133,72.1,72.515,0.165142566,127.8974223,9.82E+06,1.26874146,1.62E+05
251.828,6.628,48.405,28.226,10.574,20.898,51.454,16.437,0.161188382,124.6311372,1.63E+07,1.478847391,1.88E+05
171.294,24.747,20.327,28.945,6.054,18.715,30.863,45.079,0.162054526,125.4003076,1.44E+07,1.392005816,1.77E+05
119.252,15.139,44.987,33.263,21.396,11.106,54.447,50.776,0.162411878,125.4687349,1.43E+07,1.435636212,1.83E+05
91.447,19.384,51.868,30.929,14.221,59.572,18.648,83.455,0.162209974,125.117337,1.51E+07,1.445914023,1.84E+05
255.316,19.019,42.808,17.038,9.288,56.835,36.694,10.809,0.16116702,124.7278201,1.60E+07,1.431598106,1.82E+05
169.152,15.737,59.064,27.764,22.951,91.694,67.75,63.904,0.163700873,126.5143186,1.21E+07,1.320604588,1.68E+05
227.172,31.55,58.802,39.506,7.847,45.127,33.685,54.767,0.162710711,126.1846349,1.28E+07,1.329950125,1.69E+05
99.015,26.233,26.336,20.406,20.228,51.993,63.928,98.482,0.16541341,127.3203764,1.07E+07,1.35363592,1.72E+05
216.084,28.435,42.576,28.996,12.794,52.756,13.747,25.19,0.161324803,124.9193447,1.56E+07,1.39449908,1.78E+05
153.72,14.049,38.787,27.691,21.126,58.758,52.53,90.797,0.164444637,126.7878763,1.16E+07,1.348624362,1.72E+05
215.212,9.172,20.413,39.653,8.094,94.643,66.62,7.252,0.160998621,124.4766226,1.67E+07,1.480213225,1.89E+05
206.132,6.774,28.412,34.241,11.073,37.174,32.153,77.56,0.162650987,125.4804562,1.43E+07,1.455837472,1.85E+05
213.194,3.46,25.33,25.357,23.316,40.219,47.609,96.074,0.164228385,126.40891,1.23E+07,1.424102462,1.81E+05
78.679,7.173,25.571,32.583,11.648,37.712,35.555,74.659,0.162612816,125.4165691,1.44E+07,1.471209916,1.87E+05
95.502,14.995,49.205,24.522,19.333,76.166,23.508,88.374,0.1625706,125.2793948,1.47E+07,1.437899275,1.83E+05
122.914,33.91,37.228,40.705,19.87,89.119,44.558,26.125,0.161546537,124.9972996,1.54E+07,1.39021869,1.77E+05
83.953,8.333,46.109,18.287,13.945,83.802,61.112,94.993,0.164912875,126.9224615,1.14E+07,1.392213548,1.77E+05
66.767,17.912,40.656,34.494,23.014,14.743,75.627,27.126,0.161814059,125.0753275,1.52E+07,1.46144144,1.86E+05
179.381,22.376,24.928,36.564,16.068,74.113,21.597,30.364,0.161477967,124.9607476,1.55E+07,1.391050322,1.77E+05
89.901,25.094,32.416,15.719,12.124,54.561,42.615,51.482,0.162060731,125.1716811,1.50E+07,1.449041279,1.85E+05
130.34,33.66,43.067,33.484,8.2,33.049,28.16,62.479,0.162247251,125.4123799,1.44E+07,1.405105051,1.79E+05
129.793,13.622,23.333,14.876,15.663,72.376,39.409,21.951,0.161149103,124.5349515,1.65E+07,1.47861787,1.88E+05
63.439,34.822,41.041,22.305,23.812,56.642,17.528,47.941,0.161312912,124.6354019,1.63E+07,1.455073336,1.85E+05
200.07,28.88,48.002,21.961,24.501,69.062,37.339,55.905,0.162470472,125.7062947,1.38E+07,1.351096695,1.72E+05
156.777,36.196,20.803,14.41,16.992,60.054,78.604,84.761,0.166490233,128.8772908,8.45E+06,1.217999504,1.55E+05
110.885,17.663,27.143,41.236,15.854,43.81,71.72,64.696,0.163642784,126.3213842,1.25E+07,1.394258711,1.78E+05
167.421,9.713,48.094,37.531,7.54,81.512,73.053,99.601,0.166223942,128.0463146,9.60E+06,1.319511273,1.68E+05
230.431,20.601,30.501,42.401,24.484,22.333,32.918,92.496,0.163581823,126.2002955,1.28E+07,1.370324234,1.75E+05
110.371,13.081,24.616,23.608,22.19,44.066,78.046,46.936,0.162820015,125.7592979,1.37E+07,1.428533817,1.82E+05
148.81,16.266,49.876,31.987,21.71,49.452,10.174,79.408,0.161952848,125.0527579,1.52E+07,1.408120203,1.79E+05
136.71,26.893,55.379,19.115,23.65,73.097,43.048,24.807,0.161376217,124.7338629,1.60E+07,1.411541308,1.80E+05
230.486,5.488,47.097,21.268,20.601,93.261,73.546,19.725,0.16148011,124.8247788,1.58E+07,1.448695406,1.85E+05
134.568,32.154,38.027,23.785,11.801,15.217,74.285,74.323,0.164629767,127.1529164,1.10E+07,1.344810737,1.71E+05
102.141,33.279,27.562,41.786,5.126,92.676,76.5,22.592,0.161720917,125.1160518,1.51E+07,1.426800729,1.82E+05
106.876,21.347,26.946,26.671,16.255,90.305,25.831,39.177,0.161333453,124.6343277,1.63E+07,1.451805964,1.85E+05
176.346,34.151,22.844,42.232,13.625,85.779,46.685,8.646,0.161632194,125.3022933,1.47E+07,1.335304748,1.70E+05
184.649,30.606,31.68,39.854,8.821,32.647,53.048,60.822,0.163568191,126.6880165,1.18E+07,1.309434795,1.67E+05
241.783,32.371,50.797,27.391,14.639,22.06,44.011,72.99,0.163723948,126.7253772,1.18E+07,1.309065329,1.67E+05
162.188,16.882,54.903,13.662,6.433,17.18,22.955,59.54,0.161985609,125.2127488,1.49E+07,1.429499268,1.82E+05
76.239,3.263,21.378,38.61,20.123,67.365,64.682,81.854,0.164201401,125.3679495,1.45E+07,1.40776378,1.79E+05
257.62,11.849,28.771,31.181,22.688,12.996,58.385,41.682,0.162282684,125.447551,1.43E+07,1.428293677,1.82E+05
244.824,19.921,52.355,20.06,14.704,42.862,41.377,43.014,0.16208859,125.3756042,1.45E+07,1.39572979,1.78E+05
201.629,37.5,58.369,42.5,24.846,29.508,80,100,0.16814,130.29,6.8189E+06,1.1909,1.517E+05
239.458,37.5,20.542,39.741,25,94.990,62.596,100,0.16646,128.62,8.788E+06,1.1977,1.5257E+05
204.175,37.5,55.816,35.741,25,94.956,55.189,100,0.166,128.35,9.1613E+06,1.2151,1.5478E+05
237.164,37.5,22.833,30.151,24.976,94.888,51.749,99.919,0.16564,127.98,9.6946E+06,1.2233,1.5584E+05
239.350,37.5,20.642,13.810,25,94.997,59.067,88.508,0.1654,127.91,9.7924E+06,1.2284,1.5649E+05
239,37.5,20,13,25,95,59,88,0.1654,127.91,9.7924E+06,1.2284,1.5649E+05
220.865,37.5,39.130,37.051,25,95,49.346,99.843,0.16554,128,9.6662E+06,1.2251,1.56E+05
215.814,37.5,44.183,22.646,25,94.715,53.999,96.372,0.16551,127.87,9.8548E+06,1.2323,1.5698E+05
202.516,37.5,57.482,41.579,24.99,94.86,46.935,96.479,0.16538,128.1,9.51E+06,1.228,1.5643E+05
222.649,37.5,37.348,41.366,25,94.993,59.782,78.084,0.16495,127.81,9.9436E+06,1.227,1.563E+05
