alg,fid,dim,seed,f
ABMO,4,10,2026,876.0000000000001
ABMO,4,10,2027,870.0
ABMO,4,10,2028,906.0
ABMO,4,10,2029,830.0
ABMO,4,10,2030,860.0
ABMO,4,10,2031,876.0
ABMO,4,10,2032,862.0
ABMO,4,10,2033,844.0
ABMO,4,10,2034,892.0
ABMO,4,10,2035,904.5
ABMO,4,10,2036,874.0
ABMO,4,10,2037,908.0
ABMO,4,10,2038,900.0
ABMO,4,10,2039,902.0
ABMO,4,10,2040,994.5
ABMO,4,10,2041,838.0
ABMO,4,10,2042,852.0000000000206
ABMO,4,10,2043,886.0000000000463
ABMO,4,10,2044,886.0
ABMO,4,10,2045,886.0
ABMO,4,10,2046,850.0
ABMO,4,10,2047,828.5985140660695
ABMO,4,10,2048,868.0
ABMO,4,10,2049,932.0
ABMO,4,10,2050,890.0
ABMO,4,10,2051,858.0
ABMO,4,10,2052,948.0
ABMO,4,10,2053,840.0
ABMO,4,10,2054,872.0000000000001
ABMO,4,10,2055,860.0000000000005
ABMO,6,10,2026,4227.798566084848
ABMO,6,10,2027,35547.16429864828
ABMO,6,10,2028,37016.52438226076
ABMO,6,10,2029,24294.03031510482
ABMO,6,10,2030,11980.895271986832
ABMO,6,10,2031,30033.323154846228
ABMO,6,10,2032,18855.055066727266
ABMO,6,10,2033,11625.48828413174
ABMO,6,10,2034,13722.928733095703
ABMO,6,10,2035,37253.8931041519
ABMO,6,10,2036,21573.79211368921
ABMO,6,10,2037,25791.91486437912
ABMO,6,10,2038,60810.71453487376
ABMO,6,10,2039,3023.214638188097
ABMO,6,10,2040,23479.577225579706
ABMO,6,10,2041,6594.409500214705
ABMO,6,10,2042,37841.29447449324
ABMO,6,10,2043,21961.23722438855
ABMO,6,10,2044,16928.97658597367
ABMO,6,10,2045,19411.20304490527
ABMO,6,10,2046,8619.039986288917
ABMO,6,10,2047,39009.80365723316
ABMO,6,10,2048,37793.1667346418
ABMO,6,10,2049,2446.762349897625
ABMO,6,10,2050,4178.044778046578
ABMO,6,10,2051,31496.39288898958
ABMO,6,10,2052,19102.037249492103
ABMO,6,10,2053,27574.779868640668
ABMO,6,10,2054,38123.85934211509
ABMO,6,10,2055,53399.84875616124
ABMO,7,10,2026,2129.9744422941108
ABMO,7,10,2027,2036.9191179565787
ABMO,7,10,2028,2121.7027779441087
ABMO,7,10,2029,2020.9980941190688
ABMO,7,10,2030,2028.4596623454545
ABMO,7,10,2031,2021.008246739853
ABMO,7,10,2032,2130.078239246196
ABMO,7,10,2033,2142.7524290928377
ABMO,7,10,2034,2036.9172888328324
ABMO,7,10,2035,2032.934670068663
ABMO,7,10,2036,2028.9882424452285
ABMO,7,10,2037,2025.046957506005
ABMO,7,10,2038,2025.4744767507284
ABMO,7,10,2039,2128.4880780480007
ABMO,7,10,2040,2124.8740608208386
ABMO,7,10,2041,2021.529587048455
ABMO,7,10,2042,2122.8382655610085
ABMO,7,10,2043,2134.544335365796
ABMO,7,10,2044,2119.7908809358582
ABMO,7,10,2045,2123.5449877040323
ABMO,7,10,2046,2031.951357815621
ABMO,7,10,2047,2093.9412668781424
ABMO,7,10,2048,2027.9678665938509
ABMO,7,10,2049,2024.9751489511289
ABMO,7,10,2050,2023.52051071788
ABMO,7,10,2051,2023.9868232739689
ABMO,7,10,2052,2020.4517646075235
ABMO,7,10,2053,2092.6334383561507
ABMO,7,10,2054,2133.3775455093346
ABMO,7,10,2055,2123.255379252012
ABMO,12,10,2026,2867.952271745226
ABMO,12,10,2027,2949.2697470512007
ABMO,12,10,2028,2866.4229005601715
ABMO,12,10,2029,2868.844153453432
ABMO,12,10,2030,2946.045999241783
ABMO,12,10,2031,2872.5962265829417
ABMO,12,10,2032,2868.8632306853874
ABMO,12,10,2033,2878.155964900379
ABMO,12,10,2034,2866.479792446135
ABMO,12,10,2035,2866.8306894406346
ABMO,12,10,2036,2870.4750042562005
ABMO,12,10,2037,2871.2746527165496
ABMO,12,10,2038,2866.724202338427
ABMO,12,10,2039,2873.4053903608574
ABMO,12,10,2040,2868.832304869537
ABMO,12,10,2041,2871.581212572516
ABMO,12,10,2042,2868.442324033986
ABMO,12,10,2043,2900.731282554972
ABMO,12,10,2044,2870.9030311375623
ABMO,12,10,2045,2870.549469865051
ABMO,12,10,2046,2871.75949053037
ABMO,12,10,2047,2963.9031178446394
ABMO,12,10,2048,3155.1614659449924
ABMO,12,10,2049,2867.59540154534
ABMO,12,10,2050,2910.763829077935
ABMO,12,10,2051,2870.680250549265
ABMO,12,10,2052,2904.939893864259
ABMO,12,10,2053,2901.2364540187937
ABMO,12,10,2054,2867.0618114328354
ABMO,12,10,2055,2869.540661847101
RUN,4,10,2026,842.0497387844154
RUN,4,10,2027,834.0115848606016
RUN,4,10,2028,850.7035924269068
RUN,4,10,2029,830.1140041424588
RUN,4,10,2030,848.1646811906827
RUN,4,10,2031,830.002531811761
RUN,4,10,2032,856.0069659565295
RUN,4,10,2033,856.1551611595189
RUN,4,10,2034,822.0235112647744
RUN,4,10,2035,832.2660767473508
RUN,4,10,2036,854.0021533084781
RUN,4,10,2037,846.017451403716
RUN,4,10,2038,830.0000118371826
RUN,4,10,2039,852.0100022341671
RUN,4,10,2040,844.0055797165538
RUN,4,10,2041,824.0000040695032
RUN,4,10,2042,846.6444902070301
RUN,4,10,2043,838.0
RUN,4,10,2044,853.324310858103
RUN,4,10,2045,834.9196486638135
RUN,4,10,2046,830.0357033126977
RUN,4,10,2047,830.0000016075129
RUN,4,10,2048,838.0002168230991
RUN,4,10,2049,848.0053229215238
RUN,4,10,2050,840.002685765812
RUN,4,10,2051,838.0053483777042
RUN,4,10,2052,836.28780924606
RUN,4,10,2053,862.000863856508
RUN,4,10,2054,838.0000107008887
RUN,4,10,2055,832.0152972502531
RUN,6,10,2026,52881.97832884116
RUN,6,10,2027,18166.63653006245
RUN,6,10,2028,15321.106066386075
RUN,6,10,2029,16026.890124970694
RUN,6,10,2030,44287.31024660525
RUN,6,10,2031,18841.441034679192
RUN,6,10,2032,15280.993626104886
RUN,6,10,2033,13536.092376754586
RUN,6,10,2034,15328.76469238496
RUN,6,10,2035,29520.811521137693
RUN,6,10,2036,20401.57045507307
RUN,6,10,2037,25926.006711682177
RUN,6,10,2038,12750.70056539284
RUN,6,10,2039,21238.12541539419
RUN,6,10,2040,26625.98522456702
RUN,6,10,2041,24529.009234285888
RUN,6,10,2042,20171.238582254493
RUN,6,10,2043,17321.17726360895
RUN,6,10,2044,17198.822905823832
RUN,6,10,2045,28084.76957985244
RUN,6,10,2046,14992.013466199882
RUN,6,10,2047,14707.855478877882
RUN,6,10,2048,16901.57110077642
RUN,6,10,2049,21846.405606276465
RUN,6,10,2050,26203.183205602007
RUN,6,10,2051,110632.37049661536
RUN,6,10,2052,21618.74614740233
RUN,6,10,2053,15270.8648172082
RUN,6,10,2054,371572.3272599852
RUN,6,10,2055,20195.174597512065
RUN,7,10,2026,2152.122522862124
RUN,7,10,2027,2151.248312440797
RUN,7,10,2028,2097.3727294577466
RUN,7,10,2029,2082.9894074356225
RUN,7,10,2030,2052.1984472061235
RUN,7,10,2031,2043.520639440789
RUN,7,10,2032,2154.3505687381084
RUN,7,10,2033,2053.859525874076
RUN,7,10,2034,2077.6703501873835
RUN,7,10,2035,2163.9240892464472
RUN,7,10,2036,2072.539218583864
RUN,7,10,2037,2174.7274373294395
RUN,7,10,2038,2140.482640720149
RUN,7,10,2039,2055.245300830184
RUN,7,10,2040,2090.024825887981
RUN,7,10,2041,2150.888316398903
RUN,7,10,2042,2133.724431405131
RUN,7,10,2043,2152.421142866304
RUN,7,10,2044,2056.734313420102
RUN,7,10,2045,2124.705317114348
RUN,7,10,2046,2187.10362434335
RUN,7,10,2047,2067.447933142465
RUN,7,10,2048,2064.940176523068
RUN,7,10,2049,2061.329378972272
RUN,7,10,2050,2107.030222923878
RUN,7,10,2051,2132.133536013137
RUN,7,10,2052,2112.641117816844
RUN,7,10,2053,2125.495782068272
RUN,7,10,2054,2115.4581385340284
RUN,7,10,2055,2063.1423231341287
RUN,12,10,2026,2871.7887465450763
RUN,12,10,2027,2869.0195356504228
RUN,12,10,2028,2873.6139587355487
RUN,12,10,2029,2870.9713341355605
RUN,12,10,2030,2870.561710658851
RUN,12,10,2031,2870.7576735894622
RUN,12,10,2032,2869.5938405700595
RUN,12,10,2033,2871.527318682431
RUN,12,10,2034,2873.381271691572
RUN,12,10,2035,2871.3960699590525
RUN,12,10,2036,2870.36262839566
RUN,12,10,2037,2873.535885118163
RUN,12,10,2038,2872.112874544113
RUN,12,10,2039,2874.6540577951096
RUN,12,10,2040,2869.537361011025
RUN,12,10,2041,2875.179760018793
RUN,12,10,2042,2870.711244857195
RUN,12,10,2043,2871.7757086418064
RUN,12,10,2044,2871.910302162631
RUN,12,10,2045,2871.4209686678705
RUN,12,10,2046,2871.941731365729
RUN,12,10,2047,2870.153658679821
RUN,12,10,2048,2869.737146361416
RUN,12,10,2049,2875.785523425927
RUN,12,10,2050,2870.956694706241
RUN,12,10,2051,2875.7652243678394
RUN,12,10,2052,2870.493130191463
RUN,12,10,2053,2867.8115775226497
RUN,12,10,2054,2870.9107944364755
RUN,12,10,2055,2870.857769155529
GWO,4,10,2026,830.9127152786643
GWO,4,10,2027,832.0
GWO,4,10,2028,838.0
GWO,4,10,2029,818.8832861921442
GWO,4,10,2030,849.319799824991
GWO,4,10,2031,829.4102417786517
GWO,4,10,2032,858.2191918465014
GWO,4,10,2033,858.1985412003608
GWO,4,10,2034,829.0217893571828
GWO,4,10,2035,842.9379245122697
GWO,4,10,2036,857.3435201359472
GWO,4,10,2037,858.0
GWO,4,10,2038,831.3176031673758
GWO,4,10,2039,837.4820257234612
GWO,4,10,2040,839.1372330585181
GWO,4,10,2041,834.4817140493805
GWO,4,10,2042,841.9334718016607
GWO,4,10,2043,844.5126054360296
GWO,4,10,2044,838.2107120447425
GWO,4,10,2045,849.3956660382419
GWO,4,10,2046,838.1462656702759
GWO,4,10,2047,842.5657083868798
GWO,4,10,2048,845.5342755112085
GWO,4,10,2049,854.5338111425076
GWO,4,10,2050,832.5852551925327
GWO,4,10,2051,851.823754622061
GWO,4,10,2052,837.7431595831205
GWO,4,10,2053,828.621737734434
GWO,4,10,2054,841.4256392416877
GWO,4,10,2055,845.6836837310631
GWO,6,10,2026,1760386.6171454084
GWO,6,10,2027,176494.49254728138
GWO,6,10,2028,742492.0925340126
GWO,6,10,2029,730880.8087546984
GWO,6,10,2030,1842884.0113335648
GWO,6,10,2031,400128.182797579
GWO,6,10,2032,3178668.630587468
GWO,6,10,2033,1850417.393292132
GWO,6,10,2034,341056.6124990284
GWO,6,10,2035,135356.5446409964
GWO,6,10,2036,1510029.2127132858
GWO,6,10,2037,104090.80790303789
GWO,6,10,2038,164172.0298166039
GWO,6,10,2039,932866.5719123536
GWO,6,10,2040,1255422.0973881509
GWO,6,10,2041,303344.9094608742
GWO,6,10,2042,2972681.773260597
GWO,6,10,2043,1778380.9861492345
GWO,6,10,2044,2817408.6748261955
GWO,6,10,2045,1067253.2959709065
GWO,6,10,2046,638060.8656597033
GWO,6,10,2047,931238.7548591144
GWO,6,10,2048,980349.7928734164
GWO,6,10,2049,1330495.1405610647
GWO,6,10,2050,2521916.852464468
GWO,6,10,2051,829456.8724003469
GWO,6,10,2052,372570.1238789627
GWO,6,10,2053,3513917.810328331
GWO,6,10,2054,326400.60545056645
GWO,6,10,2055,1030993.9222625376
GWO,7,10,2026,2062.058017806848
GWO,7,10,2027,2066.246918354896
GWO,7,10,2028,2057.621526712797
GWO,7,10,2029,2056.95913043314
GWO,7,10,2030,2055.7451282771062
GWO,7,10,2031,2152.693406510425
GWO,7,10,2032,2057.3387964098392
GWO,7,10,2033,2051.061251272603
GWO,7,10,2034,2065.9378412245937
GWO,7,10,2035,2069.3593652658124
GWO,7,10,2036,2053.1941796001565
GWO,7,10,2037,2059.766524905652
GWO,7,10,2038,2182.377243970732
GWO,7,10,2039,2046.1189944219125
GWO,7,10,2040,2178.7954545168413
GWO,7,10,2041,2066.4240684165484
GWO,7,10,2042,2051.054448553566
GWO,7,10,2043,2063.7274830419105
GWO,7,10,2044,2075.944973959841
GWO,7,10,2045,2060.0211720835982
GWO,7,10,2046,2075.7803309652663
GWO,7,10,2047,2055.994043870789
GWO,7,10,2048,2057.505176323281
GWO,7,10,2049,2053.894863815815
GWO,7,10,2050,2079.8628209583835
GWO,7,10,2051,2054.541465916154
GWO,7,10,2052,2064.493554597226
GWO,7,10,2053,2054.5525846271926
GWO,7,10,2054,2062.713508609333
GWO,7,10,2055,2062.531992924612
GWO,12,10,2026,2869.098142505249
GWO,12,10,2027,2874.652256962954
GWO,12,10,2028,2870.82467870483
GWO,12,10,2029,2868.346159570357
GWO,12,10,2030,2869.165877904616
GWO,12,10,2031,2868.2589459538403
GWO,12,10,2032,2869.054557677008
GWO,12,10,2033,2868.9153994403323
GWO,12,10,2034,2868.6316870199616
GWO,12,10,2035,2867.9802328624646
GWO,12,10,2036,2868.735134900907
GWO,12,10,2037,2867.980226095204
GWO,12,10,2038,2869.29639872799
GWO,12,10,2039,2869.324497899256
GWO,12,10,2040,2868.089969607244
GWO,12,10,2041,2869.1143710880506
GWO,12,10,2042,2868.3393547956184
GWO,12,10,2043,2868.985611057151
GWO,12,10,2044,2869.23467439686
GWO,12,10,2045,2869.0471232126674
GWO,12,10,2046,2869.289425921391
GWO,12,10,2047,2868.1746527180203
GWO,12,10,2048,2900.434390961999
GWO,12,10,2049,2868.678800412172
GWO,12,10,2050,2868.6169526318536
GWO,12,10,2051,2869.485300627244
GWO,12,10,2052,2869.2510482121825
GWO,12,10,2053,2868.555960082089
GWO,12,10,2054,2869.5374435175786
GWO,12,10,2055,2869.490919844437
WOA,4,10,2026,852.0
WOA,4,10,2027,878.0
WOA,4,10,2028,956.0
WOA,4,10,2029,946.5
WOA,4,10,2030,833.1758995107667
WOA,4,10,2031,881.1680598612022
WOA,4,10,2032,938.0
WOA,4,10,2033,895.7561023714461
WOA,4,10,2034,874.1910534119686
WOA,4,10,2035,863.1899550202277
WOA,4,10,2036,894.3071679703409
WOA,4,10,2037,910.5
WOA,4,10,2038,928.6580426847016
WOA,4,10,2039,899.9408531265053
WOA,4,10,2040,894.0
WOA,4,10,2041,915.0635979862824
WOA,4,10,2042,914.0
WOA,4,10,2043,858.0
WOA,4,10,2044,904.5193803334048
WOA,4,10,2045,910.1482842938796
WOA,4,10,2046,918.0
WOA,4,10,2047,843.5122831598462
WOA,4,10,2048,878.0
WOA,4,10,2049,877.7340428756431
WOA,4,10,2050,964.5
WOA,4,10,2051,872.6345496288725
WOA,4,10,2052,898.0
WOA,4,10,2053,836.0178161474627
WOA,4,10,2054,937.7855504246731
WOA,4,10,2055,930.5
WOA,6,10,2026,18734.42156131579
WOA,6,10,2027,14273.791386381976
WOA,6,10,2028,35193.185502487715
WOA,6,10,2029,15161.462480292774
WOA,6,10,2030,33903.2816653012
WOA,6,10,2031,22401.8944763201
WOA,6,10,2032,55133.068520993176
WOA,6,10,2033,3885.113115437005
WOA,6,10,2034,14203.3238893032
WOA,6,10,2035,16958.03555986604
WOA,6,10,2036,10047.560416444803
WOA,6,10,2037,32024.700387411616
WOA,6,10,2038,27835.581516366423
WOA,6,10,2039,6517.887075545918
WOA,6,10,2040,13805.007659312309
WOA,6,10,2041,42875.53540399777
WOA,6,10,2042,33059.49842447604
WOA,6,10,2043,33469.950015126524
WOA,6,10,2044,20975.941935973085
WOA,6,10,2045,5766.343779708783
WOA,6,10,2046,21348.994500969417
WOA,6,10,2047,57429.17153832717
WOA,6,10,2048,6350.090007007777
WOA,6,10,2049,27084.647555162926
WOA,6,10,2050,18393.36367203465
WOA,6,10,2051,41818.99476234228
WOA,6,10,2052,42742.01469452759
WOA,6,10,2053,25979.12559013617
WOA,6,10,2054,49169.583867981884
WOA,6,10,2055,33940.852055874115
WOA,7,10,2026,2241.059708694732
WOA,7,10,2027,2333.058974072858
WOA,7,10,2028,2595.7850473286967
WOA,7,10,2029,2218.020545732833
WOA,7,10,2030,2147.3310810345665
WOA,7,10,2031,2451.479393501057
WOA,7,10,2032,2218.4383475233367
WOA,7,10,2033,2221.745936803704
WOA,7,10,2034,2035.1860415914227
WOA,7,10,2035,2148.405804485305
WOA,7,10,2036,2272.933033502516
WOA,7,10,2037,2309.7077393740387
WOA,7,10,2038,2527.5016665977905
WOA,7,10,2039,2508.3028014725182
WOA,7,10,2040,2221.970472437919
WOA,7,10,2041,2199.434339029357
WOA,7,10,2042,2749.0752165414888
WOA,7,10,2043,2069.258398000871
WOA,7,10,2044,2641.043746649818
WOA,7,10,2045,2213.544544749277
WOA,7,10,2046,2204.213178387509
WOA,7,10,2047,2082.591724201165
WOA,7,10,2048,2086.215503216159
WOA,7,10,2049,2080.3202295549854
WOA,7,10,2050,2341.077586065503
WOA,7,10,2051,2269.508831688285
WOA,7,10,2052,2159.1095480565214
WOA,7,10,2053,2074.2728843580794
WOA,7,10,2054,2190.2798142222973
WOA,7,10,2055,2203.38999807558
WOA,12,10,2026,2910.26196696498
WOA,12,10,2027,3317.4106749878733
WOA,12,10,2028,2878.5381872707253
WOA,12,10,2029,3021.210742295092
WOA,12,10,2030,2960.962115565843
WOA,12,10,2031,2964.9019288925792
WOA,12,10,2032,2921.5463456030743
WOA,12,10,2033,3025.211823949783
WOA,12,10,2034,3072.777473858454
WOA,12,10,2035,2946.4652446127284
WOA,12,10,2036,3006.4772473006446
WOA,12,10,2037,2894.589540376041
WOA,12,10,2038,3055.0074866724244
WOA,12,10,2039,2929.128259383111
WOA,12,10,2040,2872.6298533769946
WOA,12,10,2041,2875.7161430137976
WOA,12,10,2042,2964.90192889258
WOA,12,10,2043,2963.857402723562
WOA,12,10,2044,2934.548321096184
WOA,12,10,2045,3020.3558603997767
WOA,12,10,2046,3243.601718389433
WOA,12,10,2047,3207.950766331508
WOA,12,10,2048,3100.058749500068
WOA,12,10,2049,3074.508511748502
WOA,12,10,2050,2987.24926664324
WOA,12,10,2051,3265.175840017013
WOA,12,10,2052,3109.280665859793
WOA,12,10,2053,3093.693664325475
WOA,12,10,2054,2871.209089838804
WOA,12,10,2055,2872.196202495413
HHO,4,10,2026,926.5
HHO,4,10,2027,888.5
HHO,4,10,2028,844.0
HHO,4,10,2029,848.0
HHO,4,10,2030,860.0
HHO,4,10,2031,840.0
HHO,4,10,2032,854.0
HHO,4,10,2033,852.0
HHO,4,10,2034,842.0003313395802
HHO,4,10,2035,826.0004092659555
HHO,4,10,2036,846.0
HHO,4,10,2037,836.0000000002357
HHO,4,10,2038,844.0000071582185
HHO,4,10,2039,850.0
HHO,4,10,2040,834.000577317852
HHO,4,10,2041,848.0
HHO,4,10,2042,914.5
HHO,4,10,2043,884.0
HHO,4,10,2044,850.0000000000009
HHO,4,10,2045,890.0
HHO,4,10,2046,850.0000000000001
HHO,4,10,2047,850.0000000037271
HHO,4,10,2048,904.500018167976
HHO,4,10,2049,890.5
HHO,4,10,2050,842.0
HHO,4,10,2051,880.0
HHO,4,10,2052,924.5000804665844
HHO,4,10,2053,838.0139643341508
HHO,4,10,2054,862.0022169597593
HHO,4,10,2055,850.0000000000007
HHO,6,10,2026,22610.74074280519
HHO,6,10,2027,21119.54549048958
HHO,6,10,2028,69217.4782579637
HHO,6,10,2029,19703.42272482487
HHO,6,10,2030,39390.387350846766
HHO,6,10,2031,65141.542845578726
HHO,6,10,2032,13269.471654468553
HHO,6,10,2033,7289.234057458592
HHO,6,10,2034,110972.36185201487
HHO,6,10,2035,52550.97416066659
HHO,6,10,2036,21937.09363917074
HHO,6,10,2037,69692.05385377561
HHO,6,10,2038,42424.3486254801
HHO,6,10,2039,14019.325604945438
HHO,6,10,2040,26528.12309834344
HHO,6,10,2041,43709.33569436565
HHO,6,10,2042,37140.202764778885
HHO,6,10,2043,63989.674985191545
HHO,6,10,2044,30033.286117643267
HHO,6,10,2045,19890.2613750858
HHO,6,10,2046,38134.18772495556
HHO,6,10,2047,18489.91480873408
HHO,6,10,2048,35809.8338323061
HHO,6,10,2049,67131.5899597356
HHO,6,10,2050,47546.72695582808
HHO,6,10,2051,37782.4212067253
HHO,6,10,2052,25916.15115722005
HHO,6,10,2053,18640.073755970174
HHO,6,10,2054,79580.6115587049
HHO,6,10,2055,64757.41535635908
HHO,7,10,2026,2396.8109211780807
HHO,7,10,2027,2116.2070853051346
HHO,7,10,2028,2291.33344712399
HHO,7,10,2029,2079.7545335384407
HHO,7,10,2030,2223.947543785054
HHO,7,10,2031,2168.6975350888297
HHO,7,10,2032,2304.390961935294
HHO,7,10,2033,2696.376933762457
HHO,7,10,2034,2162.7709896043807
HHO,7,10,2035,2159.233984989532
HHO,7,10,2036,2118.831813933166
HHO,7,10,2037,2280.6307588636173
HHO,7,10,2038,2431.8239353485765
HHO,7,10,2039,2049.588800044767
HHO,7,10,2040,2225.5801248206994
HHO,7,10,2041,2222.915829424405
HHO,7,10,2042,2436.7163152324374
HHO,7,10,2043,2131.9617818858
HHO,7,10,2044,2320.841746381715
HHO,7,10,2045,2195.6621840396047
HHO,7,10,2046,2094.544588993381
HHO,7,10,2047,2032.1446310211809
HHO,7,10,2048,2211.292507315691
HHO,7,10,2049,2156.602292544305
HHO,7,10,2050,2662.10109357734
HHO,7,10,2051,2209.6613667197603
HHO,7,10,2052,2306.6235293698583
HHO,7,10,2053,2084.043563418811
HHO,7,10,2054,2389.2068150756286
HHO,7,10,2055,2062.9437129313687
HHO,12,10,2026,2949.820425467085
HHO,12,10,2027,3219.7203847185992
HHO,12,10,2028,3125.055275911219
HHO,12,10,2029,2957.4698532874136
HHO,12,10,2030,2992.4813893315645
HHO,12,10,2031,2978.008397189637
HHO,12,10,2032,2965.726288515056
HHO,12,10,2033,3117.2106456628376
HHO,12,10,2034,2988.7507490316148
HHO,12,10,2035,3058.863357939744
HHO,12,10,2036,3033.586919385424
HHO,12,10,2037,2884.4175091940106
HHO,12,10,2038,3144.2883232815248
HHO,12,10,2039,2933.142975224247
HHO,12,10,2040,2884.688591629176
HHO,12,10,2041,2937.9973374973983
HHO,12,10,2042,2882.9834058240394
HHO,12,10,2043,2894.8730490155385
HHO,12,10,2044,2922.10258764796
HHO,12,10,2045,2996.295223495653
HHO,12,10,2046,3030.1409961843706
HHO,12,10,2047,3122.579539086434
HHO,12,10,2048,3085.538480263568
HHO,12,10,2049,3051.420022927957
HHO,12,10,2050,2937.7637023768693
HHO,12,10,2051,3087.595278495619
HHO,12,10,2052,3133.464734778143
HHO,12,10,2053,3115.241691904818
HHO,12,10,2054,2913.333915416108
HHO,12,10,2055,2999.9918329711454
SCA,4,10,2026,878.2954094092559
SCA,4,10,2027,874.6981402627831
SCA,4,10,2028,867.7150898648907
SCA,4,10,2029,852.728699656752
SCA,4,10,2030,838.6357401137192
SCA,4,10,2031,888.9729853623904
SCA,4,10,2032,878.5009019405741
SCA,4,10,2033,870.0
SCA,4,10,2034,878.5754977973168
SCA,4,10,2035,852.9653843527352
SCA,4,10,2036,855.089473464023
SCA,4,10,2037,854.703550361404
SCA,4,10,2038,848.7827568688375
SCA,4,10,2039,868.1283432875318
SCA,4,10,2040,836.3077910042244
SCA,4,10,2041,864.3155389689078
SCA,4,10,2042,881.675601343138
SCA,4,10,2043,858.2605022834052
SCA,4,10,2044,863.3891083971527
SCA,4,10,2045,864.0
SCA,4,10,2046,858.8654365249517
SCA,4,10,2047,862.4269498587673
SCA,4,10,2048,858.7964900929078
SCA,4,10,2049,872.0537167028732
SCA,4,10,2050,869.9957511211385
SCA,4,10,2051,867.2610488009658
SCA,4,10,2052,834.2011038631412
SCA,4,10,2053,856.7659744574191
SCA,4,10,2054,866.3977233947054
SCA,4,10,2055,834.5226500913687
SCA,6,10,2026,2054033.2491290024
SCA,6,10,2027,3052538.811852147
SCA,6,10,2028,7571225.042681309
SCA,6,10,2029,1893417.7964459464
SCA,6,10,2030,2914296.914015725
SCA,6,10,2031,3132982.3560410347
SCA,6,10,2032,2849097.315465179
SCA,6,10,2033,7075323.222308339
SCA,6,10,2034,6569369.641171498
SCA,6,10,2035,4863577.449384777
SCA,6,10,2036,1693557.7712318543
SCA,6,10,2037,3255162.5154454843
SCA,6,10,2038,1518605.1253179274
SCA,6,10,2039,790568.359279413
SCA,6,10,2040,3048896.24269555
SCA,6,10,2041,2280932.852109112
SCA,6,10,2042,2838975.123399439
SCA,6,10,2043,3544665.382631079
SCA,6,10,2044,1310494.5380332277
SCA,6,10,2045,6022145.937433435
SCA,6,10,2046,3080100.224459523
SCA,6,10,2047,2717725.994755696
SCA,6,10,2048,8188576.172590421
SCA,6,10,2049,2958319.9703328605
SCA,6,10,2050,4021102.357512261
SCA,6,10,2051,4822576.087629918
SCA,6,10,2052,5120408.696982993
SCA,6,10,2053,11369754.102270668
SCA,6,10,2054,5695667.480465767
SCA,6,10,2055,1403420.0818820589
SCA,7,10,2026,2091.816247014454
SCA,7,10,2027,2117.77769445936
SCA,7,10,2028,2148.8453180683214
SCA,7,10,2029,2108.909249719072
SCA,7,10,2030,2106.017004404701
SCA,7,10,2031,2089.438636287993
SCA,7,10,2032,2114.966789417389
SCA,7,10,2033,2118.606477456168
SCA,7,10,2034,2097.495139658609
SCA,7,10,2035,2124.5407495225186
SCA,7,10,2036,2087.6768720865603
SCA,7,10,2037,2143.430950484089
SCA,7,10,2038,2125.4411029435096
SCA,7,10,2039,2100.33185811019
SCA,7,10,2040,2105.2631798765337
SCA,7,10,2041,2089.5505968280104
SCA,7,10,2042,2125.6997292626243
SCA,7,10,2043,2117.3318566111984
SCA,7,10,2044,2092.526672311306
SCA,7,10,2045,2108.0236583479405
SCA,7,10,2046,2114.176650533733
SCA,7,10,2047,2095.298512224993
SCA,7,10,2048,2096.473104827664
SCA,7,10,2049,2097.677083398542
SCA,7,10,2050,2088.063630890143
SCA,7,10,2051,2152.7835368509955
SCA,7,10,2052,2096.0981699518925
SCA,7,10,2053,2100.4445530888383
SCA,7,10,2054,2082.108217890237
SCA,7,10,2055,2085.324822503776
SCA,12,10,2026,2905.481765220344
SCA,12,10,2027,2932.1102665044787
SCA,12,10,2028,2912.7380513967423
SCA,12,10,2029,2915.5172557925903
SCA,12,10,2030,2892.192507700436
SCA,12,10,2031,2904.0510285292403
SCA,12,10,2032,2891.2406973184
SCA,12,10,2033,2911.736448847474
SCA,12,10,2034,2907.415604596704
SCA,12,10,2035,2918.5381268843944
SCA,12,10,2036,2929.357812691872
SCA,12,10,2037,2895.649599018512
SCA,12,10,2038,2925.738845242085
SCA,12,10,2039,2919.052572089299
SCA,12,10,2040,2908.775667669743
SCA,12,10,2041,2926.2568180997937
SCA,12,10,2042,2926.6303749074173
SCA,12,10,2043,2919.8670826524044
SCA,12,10,2044,2944.315376215142
SCA,12,10,2045,2905.130334644968
SCA,12,10,2046,2934.089528343577
SCA,12,10,2047,2925.089013303512
SCA,12,10,2048,2934.5823545113817
SCA,12,10,2049,2940.1910401199016
SCA,12,10,2050,2900.787050141505
SCA,12,10,2051,2929.0734026583286
SCA,12,10,2052,2913.953569793725
SCA,12,10,2053,2906.0351954289536
SCA,12,10,2054,2922.1410540352904
SCA,12,10,2055,2909.312887605399
LSHADE,4,10,2026,812.1298219096135
LSHADE,4,10,2027,810.0177037865526
LSHADE,4,10,2028,818.0372292302388
LSHADE,4,10,2029,822.0001432262814
LSHADE,4,10,2030,816.0006177702726
LSHADE,4,10,2031,818.2483951349698
LSHADE,4,10,2032,814.0930557511533
LSHADE,4,10,2033,808.2716173714017
LSHADE,4,10,2034,813.7913312985847
LSHADE,4,10,2035,812.1927796329021
LSHADE,4,10,2036,812.1142338545146
LSHADE,4,10,2037,812.0741224270146
LSHADE,4,10,2038,810.0973101625359
LSHADE,4,10,2039,818.0108686884122
LSHADE,4,10,2040,823.3889701622896
LSHADE,4,10,2041,812.1029596923487
LSHADE,4,10,2042,818.046071729751
LSHADE,4,10,2043,812.069734708709
LSHADE,4,10,2044,810.1719470931217
LSHADE,4,10,2045,804.8805964987321
LSHADE,4,10,2046,814.3409668201391
LSHADE,4,10,2047,816.3050642705551
LSHADE,4,10,2048,814.0196902815952
LSHADE,4,10,2049,816.0015128108324
LSHADE,4,10,2050,816.0558085531085
LSHADE,4,10,2051,818.0413468207103
LSHADE,4,10,2052,816.1190362852238
LSHADE,4,10,2053,810.497485102995
LSHADE,4,10,2054,816.868965450897
LSHADE,4,10,2055,820.0167767799724
LSHADE,6,10,2026,1800.7011664187128
LSHADE,6,10,2027,1800.3791872198942
LSHADE,6,10,2028,1800.641120886916
LSHADE,6,10,2029,1802.265209857349
LSHADE,6,10,2030,1802.1094077113407
LSHADE,6,10,2031,1800.4928749680764
LSHADE,6,10,2032,1800.4878647062533
LSHADE,6,10,2033,1802.0532456775409
LSHADE,6,10,2034,1801.1572527121682
LSHADE,6,10,2035,1800.1237340585787
LSHADE,6,10,2036,1802.4198021355955
LSHADE,6,10,2037,1801.156850535708
LSHADE,6,10,2038,1801.377103835748
LSHADE,6,10,2039,1800.1623397834892
LSHADE,6,10,2040,1801.7862874716595
LSHADE,6,10,2041,1800.8839568895407
LSHADE,6,10,2042,1801.124959773931
LSHADE,6,10,2043,1800.1796968692984
LSHADE,6,10,2044,1801.5605790269265
LSHADE,6,10,2045,1800.740709304181
LSHADE,6,10,2046,1801.1163383585083
LSHADE,6,10,2047,1800.1696509469764
LSHADE,6,10,2048,1804.4067657618425
LSHADE,6,10,2049,1800.6530389550712
LSHADE,6,10,2050,1801.000563405499
LSHADE,6,10,2051,1802.0772746985565
LSHADE,6,10,2052,1801.4761690380435
LSHADE,6,10,2053,1801.2129774622886
LSHADE,6,10,2054,1802.183016624392
LSHADE,6,10,2055,1803.022024521037
LSHADE,7,10,2026,2012.2692963236784
LSHADE,7,10,2027,2016.386177701852
LSHADE,7,10,2028,2003.331580142665
LSHADE,7,10,2029,2010.4796908680369
LSHADE,7,10,2030,2010.7537702512552
LSHADE,7,10,2031,2010.583623199656
LSHADE,7,10,2032,2006.1047330225424
LSHADE,7,10,2033,2022.19723355463
LSHADE,7,10,2034,2011.5135898833191
LSHADE,7,10,2035,2010.0982858486648
LSHADE,7,10,2036,2007.618354827663
LSHADE,7,10,2037,2012.033779410133
LSHADE,7,10,2038,2009.215061885656
LSHADE,7,10,2039,2018.9525892776528
LSHADE,7,10,2040,2010.1250368195667
LSHADE,7,10,2041,2022.9357601613567
LSHADE,7,10,2042,2020.081093294804
LSHADE,7,10,2043,2012.0083792314408
LSHADE,7,10,2044,2006.8240434683944
LSHADE,7,10,2045,2022.575411748003
LSHADE,7,10,2046,2022.116647168448
LSHADE,7,10,2047,2006.2437488554565
LSHADE,7,10,2048,2013.3706493746224
LSHADE,7,10,2049,2005.3605611311127
LSHADE,7,10,2050,2006.9511747197705
LSHADE,7,10,2051,2020.9656373335413
LSHADE,7,10,2052,2018.255441690981
LSHADE,7,10,2053,2004.437918264697
LSHADE,7,10,2054,2004.1465138302333
LSHADE,7,10,2055,2004.056044335272
LSHADE,12,10,2026,2864.47353323778
LSHADE,12,10,2027,2864.473521566374
LSHADE,12,10,2028,2864.897547591958
LSHADE,12,10,2029,2865.468424778382
LSHADE,12,10,2030,2866.3728442785227
LSHADE,12,10,2031,2864.473916619886
LSHADE,12,10,2032,2866.372844183704
LSHADE,12,10,2033,2865.891756898469
LSHADE,12,10,2034,2864.89754759196
LSHADE,12,10,2035,2864.0139454481628
LSHADE,12,10,2036,2866.973950285792
LSHADE,12,10,2037,2864.0139906731592
LSHADE,12,10,2038,2864.473522741916
LSHADE,12,10,2039,2865.891756877136
LSHADE,12,10,2040,2865.891756997255
LSHADE,12,10,2041,2865.891756879505
LSHADE,12,10,2042,2864.897547591958
LSHADE,12,10,2043,2868.181645107104
LSHADE,12,10,2044,2864.4735228799354
LSHADE,12,10,2045,2865.891756893371
LSHADE,12,10,2046,2864.473543893355
LSHADE,12,10,2047,2863.9064172833405
LSHADE,12,10,2048,2864.897547591958
LSHADE,12,10,2049,2864.4735193924635
LSHADE,12,10,2050,2865.468422428245
LSHADE,12,10,2051,2865.468490159985
LSHADE,12,10,2052,2864.473540827332
LSHADE,12,10,2053,2865.891756911616
LSHADE,12,10,2054,2865.8917568769484
LSHADE,12,10,2055,2864.4735246901205
ABMO,4,20,2026,1006.5
ABMO,4,20,2027,934.0
ABMO,4,20,2028,1052.5
ABMO,4,20,2029,1058.5
ABMO,4,20,2030,980.5
ABMO,4,20,2031,1094.0
ABMO,4,20,2032,988.0
ABMO,4,20,2033,1010.5
ABMO,4,20,2034,1125.0
ABMO,4,20,2035,1099.0
ABMO,4,20,2036,1090.5
ABMO,4,20,2037,1018.0
ABMO,4,20,2038,1010.0
ABMO,4,20,2039,958.5
ABMO,4,20,2040,1132.0
ABMO,4,20,2041,1036.5
ABMO,4,20,2042,1189.0
ABMO,4,20,2043,1032.0
ABMO,4,20,2044,1156.5
ABMO,4,20,2045,998.0
ABMO,4,20,2046,1030.5
ABMO,4,20,2047,1068.0
ABMO,4,20,2048,978.0
ABMO,4,20,2049,1080.5
ABMO,4,20,2050,1084.5
ABMO,4,20,2051,994.0
ABMO,4,20,2052,1040.0
ABMO,4,20,2053,970.0
ABMO,4,20,2054,1134.0
ABMO,4,20,2055,1098.0
ABMO,6,20,2026,80180.902150828
ABMO,6,20,2027,162797.92149369017
ABMO,6,20,2028,52297.32209370128
ABMO,6,20,2029,53745.854531311474
ABMO,6,20,2030,32630.68187562414
ABMO,6,20,2031,66926.06685819273
ABMO,6,20,2032,74473.28017362021
ABMO,6,20,2033,71899.62770240229
ABMO,6,20,2034,88229.14418789808
ABMO,6,20,2035,48056.16277501426
ABMO,6,20,2036,25413.102022205712
ABMO,6,20,2037,96853.46765647162
ABMO,6,20,2038,46568.36969963189
ABMO,6,20,2039,57815.21214314783
ABMO,6,20,2040,31325.0980506544
ABMO,6,20,2041,143412.92587187086
ABMO,6,20,2042,99596.7467481895
ABMO,6,20,2043,65823.9614471504
ABMO,6,20,2044,84425.59411454553
ABMO,6,20,2045,118809.90821111423
ABMO,6,20,2046,37771.14221658983
ABMO,6,20,2047,29243.21482865524
ABMO,6,20,2048,106510.72182506106
ABMO,6,20,2049,103776.02649123914
ABMO,6,20,2050,73013.64072853056
ABMO,6,20,2051,34791.18372770667
ABMO,6,20,2052,54992.97535871365
ABMO,6,20,2053,39780.13996805407
ABMO,6,20,2054,107768.09269424267
ABMO,6,20,2055,62619.28841664022
ABMO,7,20,2026,2049.078908954893
ABMO,7,20,2027,2053.610301732171
ABMO,7,20,2028,2118.3615500920573
ABMO,7,20,2029,2051.782541699126
ABMO,7,20,2030,2515.613653781096
ABMO,7,20,2031,2030.3282637663235
ABMO,7,20,2032,2616.775988713937
ABMO,7,20,2033,2057.8388088964266
ABMO,7,20,2034,2046.9607002310431
ABMO,7,20,2035,2219.290958427305
ABMO,7,20,2036,2132.0261674850763
ABMO,7,20,2037,2078.4837581735624
ABMO,7,20,2038,2105.4932023114025
ABMO,7,20,2039,2089.886285651268
ABMO,7,20,2040,2037.454372418989
ABMO,7,20,2041,2042.144368788364
ABMO,7,20,2042,3056.968931602029
ABMO,7,20,2043,2100.9610432918507
ABMO,7,20,2044,2052.9809934033456
ABMO,7,20,2045,2037.4187829474447
ABMO,7,20,2046,2275.8686533812697
ABMO,7,20,2047,2099.2294142429464
ABMO,7,20,2048,2120.688350805423
ABMO,7,20,2049,2062.8301817377896
ABMO,7,20,2050,2050.830986461298
ABMO,7,20,2051,2123.424384261652
ABMO,7,20,2052,2125.493557143709
ABMO,7,20,2053,2033.651617329181
ABMO,7,20,2054,2031.553949678649
ABMO,7,20,2055,2259.672657621952
ABMO,12,20,2026,3148.1206613933223
ABMO,12,20,2027,3043.2931576361807
ABMO,12,20,2028,2967.1971492279445
ABMO,12,20,2029,3032.439004807381
ABMO,12,20,2030,2990.4069898514404
ABMO,12,20,2031,2997.858451993808
ABMO,12,20,2032,3019.3757038532644
ABMO,12,20,2033,3020.171617723423
ABMO,12,20,2034,3366.505985970563
ABMO,12,20,2035,3065.883535922768
ABMO,12,20,2036,3257.736721263736
ABMO,12,20,2037,2975.1185691312303
ABMO,12,20,2038,2987.5315788967287
ABMO,12,20,2039,3295.7839196588734
ABMO,12,20,2040,3034.97726234574
ABMO,12,20,2041,3312.023291273412
ABMO,12,20,2042,3080.2696064880283
ABMO,12,20,2043,3105.2989841040667
ABMO,12,20,2044,2944.691639500977
ABMO,12,20,2045,3216.617603970263
ABMO,12,20,2046,3007.064248136672
ABMO,12,20,2047,3184.950337145746
ABMO,12,20,2048,3023.7078573618314
ABMO,12,20,2049,3378.901895347872
ABMO,12,20,2050,3006.322907274416
ABMO,12,20,2051,3349.7677833745884
ABMO,12,20,2052,3372.6931383753144
ABMO,12,20,2053,3029.02936123208
ABMO,12,20,2054,3240.006263411712
ABMO,12,20,2055,3177.3255630708004
RUN,4,20,2026,974.4481511911248
RUN,4,20,2027,991.5766699782308
RUN,4,20,2028,994.5
RUN,4,20,2029,1014.7793432630572
RUN,4,20,2030,1018.7177862241988
RUN,4,20,2031,1020.2240883035448
RUN,4,20,2032,968.1833719360573
RUN,4,20,2033,986.2907198276628
RUN,4,20,2034,996.5
RUN,4,20,2035,984.828785968374
RUN,4,20,2036,987.2674834841844
RUN,4,20,2037,985.7583927518916
RUN,4,20,2038,1051.4473002199595
RUN,4,20,2039,993.6106056030874
RUN,4,20,2040,967.7947604538348
RUN,4,20,2041,1042.6275329891444
RUN,4,20,2042,970.045656495101
RUN,4,20,2043,990.469095044726
RUN,4,20,2044,1002.5033294691974
RUN,4,20,2045,944.6409301833468
RUN,4,20,2046,988.6049149506092
RUN,4,20,2047,1025.5241887466543
RUN,4,20,2048,1029.807878150973
RUN,4,20,2049,1025.9141927924445
RUN,4,20,2050,996.707903258006
RUN,4,20,2051,979.678280751248
RUN,4,20,2052,1079.0946169402123
RUN,4,20,2053,1051.555978603133
RUN,4,20,2054,965.7415890632128
RUN,4,20,2055,1028.3102020098338
RUN,6,20,2026,33838779.72368904
RUN,6,20,2027,121703509.84714542
RUN,6,20,2028,62555421.76437967
RUN,6,20,2029,279747663.4600634
RUN,6,20,2030,111203775.66705725
RUN,6,20,2031,103359392.6846842
RUN,6,20,2032,40507616.963426135
RUN,6,20,2033,55065589.67834861
RUN,6,20,2034,362120016.1979257
RUN,6,20,2035,147082380.88134414
RUN,6,20,2036,46948110.81374913
RUN,6,20,2037,120526337.07369144
RUN,6,20,2038,222607514.17811587
RUN,6,20,2039,62019518.44664943
RUN,6,20,2040,105233133.21531066
RUN,6,20,2041,235189414.170791
RUN,6,20,2042,75154112.35140781
RUN,6,20,2043,95257762.69885153
RUN,6,20,2044,42533727.81045205
RUN,6,20,2045,388260231.4964285
RUN,6,20,2046,108603380.92336358
RUN,6,20,2047,68136264.53189215
RUN,6,20,2048,128526977.11767744
RUN,6,20,2049,89039972.34881489
RUN,6,20,2050,123229372.83721596
RUN,6,20,2051,51190672.988131024
RUN,6,20,2052,553997541.3614289
RUN,6,20,2053,56265606.895698726
RUN,6,20,2054,164664992.1361216
RUN,6,20,2055,105247770.32964502
RUN,7,20,2026,2801.1498416937416
RUN,7,20,2027,2706.7784448184125
RUN,7,20,2028,2366.067519971323
RUN,7,20,2029,2241.1995097287618
RUN,7,20,2030,2347.8088576444748
RUN,7,20,2031,2984.6235396421284
RUN,7,20,2032,2908.1018482921177
RUN,7,20,2033,2627.812996937998
RUN,7,20,2034,2683.915589332025
RUN,7,20,2035,3113.315447381068
RUN,7,20,2036,3170.35810679133
RUN,7,20,2037,2844.121365255497
RUN,7,20,2038,3015.078305774088
RUN,7,20,2039,2156.9593036838787
RUN,7,20,2040,2784.931174082758
RUN,7,20,2041,2671.0367709214825
RUN,7,20,2042,2785.7846959837675
RUN,7,20,2043,2928.514740480648
RUN,7,20,2044,2737.5549250672866
RUN,7,20,2045,3114.54081601812
RUN,7,20,2046,2302.994444441465
RUN,7,20,2047,3240.4625355412845
RUN,7,20,2048,2401.4382921656897
RUN,7,20,2049,2249.850496776944
RUN,7,20,2050,2378.7419728522127
RUN,7,20,2051,2812.7702696174174
RUN,7,20,2052,2482.3443682087127
RUN,7,20,2053,2371.6620402618146
RUN,7,20,2054,2874.7167105203
RUN,7,20,2055,3632.8688044291584
RUN,12,20,2026,2999.5153261089563
RUN,12,20,2027,3003.1139997602845
RUN,12,20,2028,3017.811230786751
RUN,12,20,2029,3004.575691510664
RUN,12,20,2030,3019.519913446026
RUN,12,20,2031,2999.875885992041
RUN,12,20,2032,2999.7458332901706
RUN,12,20,2033,3027.4872591315147
RUN,12,20,2034,3046.975636881799
RUN,12,20,2035,3015.8352724264987
RUN,12,20,2036,3023.52652668357
RUN,12,20,2037,2989.8131731942303
RUN,12,20,2038,2998.158565891453
RUN,12,20,2039,3016.6331767529305
RUN,12,20,2040,2984.6206802175093
RUN,12,20,2041,3007.209215821474
RUN,12,20,2042,3007.006774997101
RUN,12,20,2043,3002.727766746979
RUN,12,20,2044,3031.539673089252
RUN,12,20,2045,3023.001644300602
RUN,12,20,2046,3040.467068935243
RUN,12,20,2047,2991.9912803911047
RUN,12,20,2048,3003.3242815853155
RUN,12,20,2049,2992.479040069329
RUN,12,20,2050,3028.981235414989
RUN,12,20,2051,3001.612467276684
RUN,12,20,2052,3018.990610748749
RUN,12,20,2053,3011.8502957814912
RUN,12,20,2054,3004.7381983869955
RUN,12,20,2055,3036.008444872419
GWO,4,20,2026,972.0905386220504
GWO,4,20,2027,1017.6388699257872
GWO,4,20,2028,997.3482421060812
GWO,4,20,2029,989.211123122449
GWO,4,20,2030,1003.0895877737844
GWO,4,20,2031,1058.53190539279
GWO,4,20,2032,1008.53113014781
GWO,4,20,2033,1001.4010853655824
GWO,4,20,2034,993.8168551671604
GWO,4,20,2035,1013.4754455733168
GWO,4,20,2036,1022.0902651176812
GWO,4,20,2037,1004.6562319665652
GWO,4,20,2038,1076.818809136669
GWO,4,20,2039,1023.6040814743052
GWO,4,20,2040,1023.9852912367088
GWO,4,20,2041,965.0784740835386
GWO,4,20,2042,973.0143593514006
GWO,4,20,2043,1055.271814034125
GWO,4,20,2044,982.3916636384348
GWO,4,20,2045,1051.889541027988
GWO,4,20,2046,996.1402492008503
GWO,4,20,2047,1003.7417562432483
GWO,4,20,2048,952.0045057005314
GWO,4,20,2049,1041.7286195824931
GWO,4,20,2050,978.5512733167968
GWO,4,20,2051,1049.9043682156575
GWO,4,20,2052,1011.3211152115906
GWO,4,20,2053,1035.8720005689725
GWO,4,20,2054,1005.0752887645438
GWO,4,20,2055,1011.1484752610108
GWO,6,20,2026,62906976.21197643
GWO,6,20,2027,40116323.90511718
GWO,6,20,2028,30149063.19085448
GWO,6,20,2029,32366433.183813505
GWO,6,20,2030,35573316.142110035
GWO,6,20,2031,30681590.76025647
GWO,6,20,2032,49773262.29061916
GWO,6,20,2033,47055294.42255753
GWO,6,20,2034,36844368.63049488
GWO,6,20,2035,18547770.908207376
GWO,6,20,2036,48683681.346283175
GWO,6,20,2037,13209959.826333994
GWO,6,20,2038,25071058.71119553
GWO,6,20,2039,42193685.38558467
GWO,6,20,2040,16129796.26299365
GWO,6,20,2041,65882941.16447417
GWO,6,20,2042,53708369.76930292
GWO,6,20,2043,65393711.161442734
GWO,6,20,2044,81047313.69867048
GWO,6,20,2045,41908886.60620703
GWO,6,20,2046,35917869.68912367
GWO,6,20,2047,74542892.09512162
GWO,6,20,2048,12592267.23759634
GWO,6,20,2049,38973047.92399063
GWO,6,20,2050,27905447.31836985
GWO,6,20,2051,30983268.17428684
GWO,6,20,2052,54498951.95135173
GWO,6,20,2053,33460543.12019156
GWO,6,20,2054,60322451.557592966
GWO,6,20,2055,33376445.34160491
GWO,7,20,2026,2463.2849028024243
GWO,7,20,2027,2348.56172833468
GWO,7,20,2028,2253.2921714439967
GWO,7,20,2029,2235.16485720582
GWO,7,20,2030,2263.1605674366747
GWO,7,20,2031,2250.7450722306166
GWO,7,20,2032,2315.6574051538755
GWO,7,20,2033,2193.981941208257
GWO,7,20,2034,2277.248619596918
GWO,7,20,2035,2175.653252119736
GWO,7,20,2036,2243.450281367769
GWO,7,20,2037,2230.479098038021
GWO,7,20,2038,2218.858944979035
GWO,7,20,2039,2391.2430267457003
GWO,7,20,2040,2253.6684677636026
GWO,7,20,2041,2258.700036183536
GWO,7,20,2042,2273.2310488862013
GWO,7,20,2043,2303.755971788121
GWO,7,20,2044,2285.1979167170884
GWO,7,20,2045,2216.510072561888
GWO,7,20,2046,2335.7611114131123
GWO,7,20,2047,2275.074698586662
GWO,7,20,2048,2280.7142711146894
GWO,7,20,2049,2253.646140042897
GWO,7,20,2050,2192.5023379094705
GWO,7,20,2051,2234.667825972041
GWO,7,20,2052,2170.5403661901964
GWO,7,20,2053,2318.139890857515
GWO,7,20,2054,2234.475439794455
GWO,7,20,2055,2197.7449453026325
GWO,12,20,2026,2961.166753790738
GWO,12,20,2027,2981.217190951878
GWO,12,20,2028,2993.986934147084
GWO,12,20,2029,2956.006222378044
GWO,12,20,2030,3018.391116482043
GWO,12,20,2031,2992.8967410227965
GWO,12,20,2032,2974.1147462625786
GWO,12,20,2033,2982.8385333287506
GWO,12,20,2034,2980.738071831211
GWO,12,20,2035,2966.118112160497
GWO,12,20,2036,2958.0724303350416
GWO,12,20,2037,2962.6145940916044
GWO,12,20,2038,2971.3052964587955
GWO,12,20,2039,2990.848433438624
GWO,12,20,2040,2993.34773529125
GWO,12,20,2041,2971.1283192552987
GWO,12,20,2042,3062.335816152878
GWO,12,20,2043,2967.3669638051583
GWO,12,20,2044,2986.2527198914795
GWO,12,20,2045,3032.732692248742
GWO,12,20,2046,2969.245604609254
GWO,12,20,2047,2998.9951884967763
GWO,12,20,2048,3004.6899666724003
GWO,12,20,2049,2974.3271846198004
GWO,12,20,2050,2981.7968656141984
GWO,12,20,2051,2992.00445674442
GWO,12,20,2052,2970.4558895151204
GWO,12,20,2053,2971.6723604981835
GWO,12,20,2054,3030.303627416818
GWO,12,20,2055,3000.1594148175063
WOA,4,20,2026,983.8998556544256
WOA,4,20,2027,1129.7276340933868
WOA,4,20,2028,1159.002038917425
WOA,4,20,2029,1136.1049568249543
WOA,4,20,2030,1167.059845230856
WOA,4,20,2031,1187.5914866817177
WOA,4,20,2032,1185.1980215903582
WOA,4,20,2033,1101.5527529231176
WOA,4,20,2034,1300.4533959811456
WOA,4,20,2035,1197.2977955196377
WOA,4,20,2036,1161.9143941643492
WOA,4,20,2037,1234.1852782772123
WOA,4,20,2038,1171.217986267157
WOA,4,20,2039,1144.637018902765
WOA,4,20,2040,1247.5771133057135
WOA,4,20,2041,1113.3190000990437
WOA,4,20,2042,1163.9334623238342
WOA,4,20,2043,1200.0295133654515
WOA,4,20,2044,1073.953066469976
WOA,4,20,2045,1140.051205120791
WOA,4,20,2046,1214.624933317658
WOA,4,20,2047,1158.463711235354
WOA,4,20,2048,1089.8709646428472
WOA,4,20,2049,1245.1570813213343
WOA,4,20,2050,1270.205407403191
WOA,4,20,2051,1236.9842077123303
WOA,4,20,2052,1258.1993829759324
WOA,4,20,2053,1215.5503609954264
WOA,4,20,2054,1269.2414009920883
WOA,4,20,2055,1188.0502363996343
WOA,6,20,2026,50829.633589508
WOA,6,20,2027,181353.8890359016
WOA,6,20,2028,6152768.769170255
WOA,6,20,2029,85046.08553216145
WOA,6,20,2030,565955.1352026958
WOA,6,20,2031,712344.7724474113
WOA,6,20,2032,65003.98105578429
WOA,6,20,2033,421858.8393750189
WOA,6,20,2034,2345809.6372275027
WOA,6,20,2035,237349.138056312
WOA,6,20,2036,56041.3038953534
WOA,6,20,2037,825515.4911173299
WOA,6,20,2038,41808.49844167997
WOA,6,20,2039,71569.4974159866
WOA,6,20,2040,1120608.0370889693
WOA,6,20,2041,1899239.065381911
WOA,6,20,2042,66135.85122664577
WOA,6,20,2043,312495.3648299846
WOA,6,20,2044,67042.24770159318
WOA,6,20,2045,3681055.456975981
WOA,6,20,2046,180491787.0280627
WOA,6,20,2047,237549.1101496991
WOA,6,20,2048,29434714.662911
WOA,6,20,2049,40413.280319171725
WOA,6,20,2050,373962.13110209344
WOA,6,20,2051,558274.0252494466
WOA,6,20,2052,120234.15498602708
WOA,6,20,2053,106324.5323933134
WOA,6,20,2054,34197.78128444534
WOA,6,20,2055,1118125.437182621
WOA,7,20,2026,3485.6989113046748
WOA,7,20,2027,4373.59555696711
WOA,7,20,2028,4364.430555099292
WOA,7,20,2029,4455.232313933329
WOA,7,20,2030,3892.007749501173
WOA,7,20,2031,3035.1876021163225
WOA,7,20,2032,2392.47523666393
WOA,7,20,2033,4019.622600107842
WOA,7,20,2034,3755.0689575105016
WOA,7,20,2035,3026.4063567100134
WOA,7,20,2036,4093.425699724194
WOA,7,20,2037,2458.264116140136
WOA,7,20,2038,2695.1997224469023
WOA,7,20,2039,2689.291898509897
WOA,7,20,2040,4440.137125281457
WOA,7,20,2041,3547.706009948439
WOA,7,20,2042,2930.84362231452
WOA,7,20,2043,2624.0496248740064
WOA,7,20,2044,3678.780960027672
WOA,7,20,2045,3405.8453292742643
WOA,7,20,2046,3417.72050969916
WOA,7,20,2047,3847.489483289805
WOA,7,20,2048,3765.100460531523
WOA,7,20,2049,2484.437493407469
WOA,7,20,2050,3425.323791122658
WOA,7,20,2051,3587.0140688915217
WOA,7,20,2052,3573.9576411770927
WOA,7,20,2053,3258.829283665116
WOA,7,20,2054,2616.4095427646544
WOA,7,20,2055,3341.418589007327
WOA,12,20,2026,3317.1991032887154
WOA,12,20,2027,3309.640948059553
WOA,12,20,2028,3615.09368873214
WOA,12,20,2029,3255.410105945893
WOA,12,20,2030,3184.521556728017
WOA,12,20,2031,3028.2219187416204
WOA,12,20,2032,3182.04523450988
WOA,12,20,2033,3274.0628488301645
WOA,12,20,2034,3430.885546893423
WOA,12,20,2035,3357.635680673071
WOA,12,20,2036,3042.748107460005
WOA,12,20,2037,3537.4103854024747
WOA,12,20,2038,3440.540787357796
WOA,12,20,2039,3209.793176578989
WOA,12,20,2040,3181.278468226091
WOA,12,20,2041,3107.309172352246
WOA,12,20,2042,3389.9342659876284
WOA,12,20,2043,3203.7495505853635
WOA,12,20,2044,3331.672320412667
WOA,12,20,2045,3068.9830713799347
WOA,12,20,2046,3384.1219874561048
WOA,12,20,2047,3351.570579047573
WOA,12,20,2048,3164.782935350501
WOA,12,20,2049,3213.3289955895484
WOA,12,20,2050,3161.290054864886
WOA,12,20,2051,3137.666112287048
WOA,12,20,2052,3230.9732387890067
WOA,12,20,2053,3497.8033589165034
WOA,12,20,2054,3145.187330047527
WOA,12,20,2055,3392.733326044173
HHO,4,20,2026,1019.0463946152718
HHO,4,20,2027,1116.2880726924295
HHO,4,20,2028,1008.5058063733184
HHO,4,20,2029,1110.4955456028872
HHO,4,20,2030,1038.5000008793006
HHO,4,20,2031,1155.0374414436633
HHO,4,20,2032,1040.0454580042203
HHO,4,20,2033,1107.6151259840822
HHO,4,20,2034,1043.5589126679638
HHO,4,20,2035,1107.0555586667572
HHO,4,20,2036,984.94126330497
HHO,4,20,2037,1066.3895954492548
HHO,4,20,2038,1034.5
HHO,4,20,2039,1095.0
HHO,4,20,2040,1092.0552795434885
HHO,4,20,2041,968.6066957011362
HHO,4,20,2042,1099.8380280441602
HHO,4,20,2043,1077.0583998258758
HHO,4,20,2044,1005.4395303116694
HHO,4,20,2045,1135.5000000000002
HHO,4,20,2046,1171.6212777687726
HHO,4,20,2047,1014.5129402618936
HHO,4,20,2048,1126.2619524657882
HHO,4,20,2049,1066.4421752854264
HHO,4,20,2050,1021.8259592781284
HHO,4,20,2051,1059.4576080200309
HHO,4,20,2052,1149.1973735665315
HHO,4,20,2053,1094.7277244124912
HHO,4,20,2054,968.000007528527
HHO,4,20,2055,1023.812956056728
HHO,6,20,2026,7619447.958244344
HHO,6,20,2027,8145690.468292356
HHO,6,20,2028,783436.7455854145
HHO,6,20,2029,4767042.3763145935
HHO,6,20,2030,16819127.131973766
HHO,6,20,2031,143730551.07305208
HHO,6,20,2032,5885388.584903342
HHO,6,20,2033,60250156.83286552
HHO,6,20,2034,338183990.9624135
HHO,6,20,2035,8739498.047368705
HHO,6,20,2036,135504025.56639105
HHO,6,20,2037,753296.9967468056
HHO,6,20,2038,22507727.02400099
HHO,6,20,2039,2537055.4775425782
HHO,6,20,2040,11260797.268129252
HHO,6,20,2041,58655126.79261067
HHO,6,20,2042,4092124.67394401
HHO,6,20,2043,61649627.93128946
HHO,6,20,2044,42136870.904774174
HHO,6,20,2045,23975789.40681113
HHO,6,20,2046,23799467.97263584
HHO,6,20,2047,329903357.2822243
HHO,6,20,2048,18026334.771753665
HHO,6,20,2049,47249416.67025588
HHO,6,20,2050,6646601.575894013
HHO,6,20,2051,36946724.33648447
HHO,6,20,2052,21655549.18806634
HHO,6,20,2053,890328.2944082309
HHO,6,20,2054,40680803.454597816
HHO,6,20,2055,378866342.3324097
HHO,7,20,2026,2552.3695689727024
HHO,7,20,2027,4326.405820307778
HHO,7,20,2028,5792.758848970363
HHO,7,20,2029,4336.251421454253
HHO,7,20,2030,5871.301474055332
HHO,7,20,2031,3368.08502450382
HHO,7,20,2032,2313.40826983913
HHO,7,20,2033,2573.664717110209
HHO,7,20,2034,3157.264727441275
HHO,7,20,2035,4356.230877036833
HHO,7,20,2036,3663.918954301743
HHO,7,20,2037,3969.613036468404
HHO,7,20,2038,3215.2301593985912
HHO,7,20,2039,5651.641463782988
HHO,7,20,2040,4435.960131809381
HHO,7,20,2041,4417.784736336245
HHO,7,20,2042,3448.915680629345
HHO,7,20,2043,3451.455482042066
HHO,7,20,2044,2673.16234845971
HHO,7,20,2045,3922.690949550513
HHO,7,20,2046,2769.164514341822
HHO,7,20,2047,6432.074358385306
HHO,7,20,2048,2576.6329272685366
HHO,7,20,2049,3585.4618235760245
HHO,7,20,2050,4937.035175533047
HHO,7,20,2051,5828.370260879116
HHO,7,20,2052,4625.489320031222
HHO,7,20,2053,3658.5270710128807
HHO,7,20,2054,3701.796035515032
HHO,7,20,2055,4172.79409863464
HHO,12,20,2026,3358.881565774285
HHO,12,20,2027,3986.3952616071
HHO,12,20,2028,4084.192089782222
HHO,12,20,2029,3866.7460319134098
HHO,12,20,2030,3052.9890645224896
HHO,12,20,2031,3050.851864235143
HHO,12,20,2032,3393.321251024867
HHO,12,20,2033,3139.880001807168
HHO,12,20,2034,3282.815331521404
HHO,12,20,2035,3049.159465137177
HHO,12,20,2036,3369.82531241993
HHO,12,20,2037,3408.295845619601
HHO,12,20,2038,3315.145892278926
HHO,12,20,2039,3415.4942394684786
HHO,12,20,2040,3661.872597637464
HHO,12,20,2041,3753.435810742326
HHO,12,20,2042,3535.214445650125
HHO,12,20,2043,3870.456002194929
HHO,12,20,2044,3425.411227845917
HHO,12,20,2045,3369.414837834569
HHO,12,20,2046,3154.3768350053947
HHO,12,20,2047,3871.4402842458776
HHO,12,20,2048,3216.2204041311743
HHO,12,20,2049,3240.428564932138
HHO,12,20,2050,3117.3124174998925
HHO,12,20,2051,3692.404606597855
HHO,12,20,2052,3834.276586791024
HHO,12,20,2053,3482.1319393441663
HHO,12,20,2054,3992.306006673949
HHO,12,20,2055,3721.222565604365
SCA,4,20,2026,948.1131578507634
SCA,4,20,2027,1099.6457375968994
SCA,4,20,2028,1103.9083108995726
SCA,4,20,2029,1120.9581580586596
SCA,4,20,2030,1126.5980646763562
SCA,4,20,2031,1102.400079942401
SCA,4,20,2032,1116.7180300594296
SCA,4,20,2033,1089.918418266558
SCA,4,20,2034,1074.4721345524415
SCA,4,20,2035,1137.135521331826
SCA,4,20,2036,1120.0000867503536
SCA,4,20,2037,1071.5833110301644
SCA,4,20,2038,1051.6233066298537
SCA,4,20,2039,1133.2976480826717
SCA,4,20,2040,1114.3616758992864
SCA,4,20,2041,1082.6623489449428
SCA,4,20,2042,1039.5221765500976
SCA,4,20,2043,1091.8859353409216
SCA,4,20,2044,1049.0244757338526
SCA,4,20,2045,1116.9918475270294
SCA,4,20,2046,1065.5
SCA,4,20,2047,1080.540322090285
SCA,4,20,2048,1076.476542786541
SCA,4,20,2049,1095.7846291039195
SCA,4,20,2050,1105.51933121608
SCA,4,20,2051,1078.7990338268482
SCA,4,20,2052,1093.8131233602378
SCA,4,20,2053,1090.6973761698878
SCA,4,20,2054,1069.117086242073
SCA,4,20,2055,1084.6592305048543
SCA,6,20,2026,324526445.3766215
SCA,6,20,2027,951775519.1019976
SCA,6,20,2028,484635834.9727085
SCA,6,20,2029,398647574.0969505
SCA,6,20,2030,771402744.3503112
SCA,6,20,2031,366441510.87448174
SCA,6,20,2032,350116340.80302763
SCA,6,20,2033,924248023.653808
SCA,6,20,2034,882558485.6266881
SCA,6,20,2035,821288790.8770444
SCA,6,20,2036,288164938.92394394
SCA,6,20,2037,424072271.23264974
SCA,6,20,2038,1183053945.9606814
SCA,6,20,2039,500745897.1943711
SCA,6,20,2040,697242595.3689137
SCA,6,20,2041,767572594.5222797
SCA,6,20,2042,677514445.1281044
SCA,6,20,2043,432389479.8898711
SCA,6,20,2044,395783330.7127511
SCA,6,20,2045,442919155.3507366
SCA,6,20,2046,239416068.3952219
SCA,6,20,2047,310880163.0449781
SCA,6,20,2048,461998628.5982449
SCA,6,20,2049,357631333.4863787
SCA,6,20,2050,349934705.9214971
SCA,6,20,2051,496737148.2556009
SCA,6,20,2052,347973290.1318406
SCA,6,20,2053,729926755.9442372
SCA,6,20,2054,724117241.7642792
SCA,6,20,2055,420896624.8239642
SCA,7,20,2026,2888.626084302298
SCA,7,20,2027,2861.8629549092334
SCA,7,20,2028,3504.8350531771493
SCA,7,20,2029,3340.2362160683087
SCA,7,20,2030,3484.99821242585
SCA,7,20,2031,3068.7250468998045
SCA,7,20,2032,2469.599266665743
SCA,7,20,2033,3767.499605506924
SCA,7,20,2034,3194.4796813873545
SCA,7,20,2035,3354.1135591950074
SCA,7,20,2036,3153.213513158834
SCA,7,20,2037,3381.180176678351
SCA,7,20,2038,2955.2305803372656
SCA,7,20,2039,2663.960213626686
SCA,7,20,2040,2666.111087416179
SCA,7,20,2041,2693.127754037791
SCA,7,20,2042,2629.743042600546
SCA,7,20,2043,3344.571568926449
SCA,7,20,2044,3104.6766416538367
SCA,7,20,2045,3526.326868300024
SCA,7,20,2046,3173.5923635996905
SCA,7,20,2047,2983.1905734457687
SCA,7,20,2048,3669.833800192298
SCA,7,20,2049,3077.7805496116525
SCA,7,20,2050,2612.942278864836
SCA,7,20,2051,2905.837788916641
SCA,7,20,2052,2566.210490786038
SCA,7,20,2053,3414.8371525169296
SCA,7,20,2054,3003.949696387175
SCA,7,20,2055,3481.35339814901
SCA,12,20,2026,3412.8989040629176
SCA,12,20,2027,3352.7219903213
SCA,12,20,2028,3386.6722892431662
SCA,12,20,2029,3298.2585400662247
SCA,12,20,2030,3331.672622637634
SCA,12,20,2031,3343.646213702109
SCA,12,20,2032,3361.9636336489675
SCA,12,20,2033,3341.395510327368
SCA,12,20,2034,3406.983713043345
SCA,12,20,2035,3514.256210076164
SCA,12,20,2036,3402.217317349556
SCA,12,20,2037,3412.7963252989525
SCA,12,20,2038,3312.2438188319184
SCA,12,20,2039,3464.715856930832
SCA,12,20,2040,3364.9064908931346
SCA,12,20,2041,3301.3634003751667
SCA,12,20,2042,3374.727408523124
SCA,12,20,2043,3327.3474471759323
SCA,12,20,2044,3329.26366199174
SCA,12,20,2045,3273.749729234441
SCA,12,20,2046,3419.471519554705
SCA,12,20,2047,3325.781768552729
SCA,12,20,2048,3268.607726360395
SCA,12,20,2049,3293.1822892707205
SCA,12,20,2050,3351.797402859325
SCA,12,20,2051,3398.8015209445216
SCA,12,20,2052,3306.8846783178915
SCA,12,20,2053,3454.0010684715503
SCA,12,20,2054,3310.057012074444
SCA,12,20,2055,3359.4657268997903
LSHADE,4,20,2026,849.1903278400378
LSHADE,4,20,2027,856.7716953350317
LSHADE,4,20,2028,868.0022906564768
LSHADE,4,20,2029,875.8989059709629
LSHADE,4,20,2030,867.258946864126
LSHADE,4,20,2031,881.8853109483706
LSHADE,4,20,2032,881.7252859531824
LSHADE,4,20,2033,869.0276649091941
LSHADE,4,20,2034,907.0610129142042
LSHADE,4,20,2035,850.3769344800402
LSHADE,4,20,2036,864.2941391867813
LSHADE,4,20,2037,887.7352635283758
LSHADE,4,20,2038,881.3572332439612
LSHADE,4,20,2039,908.9872978463186
LSHADE,4,20,2040,868.9837461370071
LSHADE,4,20,2041,882.3170787611572
LSHADE,4,20,2042,875.8542413351927
LSHADE,4,20,2043,869.8522949242009
LSHADE,4,20,2044,868.0495112269181
LSHADE,4,20,2045,848.0856626298105
LSHADE,4,20,2046,865.8847196381299
LSHADE,4,20,2047,893.4787630804302
LSHADE,4,20,2048,867.2469545976029
LSHADE,4,20,2049,871.7237323988417
LSHADE,4,20,2050,875.379046204976
LSHADE,4,20,2051,867.8957238467542
LSHADE,4,20,2052,888.4294188311122
LSHADE,4,20,2053,864.25124185828
LSHADE,4,20,2054,878.3867027160671
LSHADE,4,20,2055,865.2178788725535
LSHADE,6,20,2026,28872.11053199291
LSHADE,6,20,2027,45112.67737623943
LSHADE,6,20,2028,36813.09640190868
LSHADE,6,20,2029,24678.42368261649
LSHADE,6,20,2030,25084.367896355565
LSHADE,6,20,2031,15439.955030145387
LSHADE,6,20,2032,23922.51802584593
LSHADE,6,20,2033,29259.64330582297
LSHADE,6,20,2034,27622.38123475165
LSHADE,6,20,2035,11684.676284898436
LSHADE,6,20,2036,21624.92992870485
LSHADE,6,20,2037,41634.24856206775
LSHADE,6,20,2038,30332.190390604235
LSHADE,6,20,2039,55497.04444765797
LSHADE,6,20,2040,20825.866915449344
LSHADE,6,20,2041,30632.751740814936
LSHADE,6,20,2042,47331.45522341492
LSHADE,6,20,2043,24905.971212298897
LSHADE,6,20,2044,19356.341409211986
LSHADE,6,20,2045,33727.31339034921
LSHADE,6,20,2046,38210.48406125477
LSHADE,6,20,2047,44203.20349907673
LSHADE,6,20,2048,26050.80839391813
LSHADE,6,20,2049,24465.337317797443
LSHADE,6,20,2050,44626.38450594349
LSHADE,6,20,2051,16876.946617257432
LSHADE,6,20,2052,33397.23857938095
LSHADE,6,20,2053,23223.87825218798
LSHADE,6,20,2054,23235.46902696657
LSHADE,6,20,2055,30255.91176717905
LSHADE,7,20,2026,2027.51919563958
LSHADE,7,20,2027,2028.2329968014897
LSHADE,7,20,2028,2035.0075718413368
LSHADE,7,20,2029,2035.4740747061485
LSHADE,7,20,2030,2028.6049642542905
LSHADE,7,20,2031,2031.5809121674208
LSHADE,7,20,2032,2032.6725377172963
LSHADE,7,20,2033,2025.9767756122749
LSHADE,7,20,2034,2032.7451904738336
LSHADE,7,20,2035,2027.3306987408512
LSHADE,7,20,2036,2031.255000023281
LSHADE,7,20,2037,2028.396338261989
LSHADE,7,20,2038,2030.638303955183
LSHADE,7,20,2039,2027.761663874253
LSHADE,7,20,2040,2042.416778392097
LSHADE,7,20,2041,2033.5155319967407
LSHADE,7,20,2042,2027.2789757219653
LSHADE,7,20,2043,2031.8096659054745
LSHADE,7,20,2044,2026.9226209168623
LSHADE,7,20,2045,2026.8826695722164
LSHADE,7,20,2046,2032.0026969000728
LSHADE,7,20,2047,2038.4816133222232
LSHADE,7,20,2048,2028.2261875909749
LSHADE,7,20,2049,2028.4610492069748
LSHADE,7,20,2050,2029.71112330901
LSHADE,7,20,2051,2027.921496488352
LSHADE,7,20,2052,2026.566997580178
LSHADE,7,20,2053,2027.8057156005173
LSHADE,7,20,2054,2033.630664446213
LSHADE,7,20,2055,2028.2227041005096
LSHADE,12,20,2026,2938.2850342651345
LSHADE,12,20,2027,2938.2850342652364
LSHADE,12,20,2028,2938.2850342651336
LSHADE,12,20,2029,2937.848208240672
LSHADE,12,20,2030,2939.5086604694534
LSHADE,12,20,2031,2939.497355536896
LSHADE,12,20,2032,2965.755365702587
LSHADE,12,20,2033,2939.0931884216525
LSHADE,12,20,2034,2944.8667760119893
LSHADE,12,20,2035,2938.2850342651336
LSHADE,12,20,2036,2939.093188421651
LSHADE,12,20,2037,2939.508660469456
LSHADE,12,20,2038,2938.285034265134
LSHADE,12,20,2039,2939.328491301992
LSHADE,12,20,2040,2939.0931884216607
LSHADE,12,20,2041,2940.604997928954
LSHADE,12,20,2042,2938.285034266088
LSHADE,12,20,2043,2942.533814680498
LSHADE,12,20,2044,2940.7001641888
LSHADE,12,20,2045,2992.3344061165626
LSHADE,12,20,2046,2940.466592003844
LSHADE,12,20,2047,2943.640724530948
LSHADE,12,20,2048,2954.767481024377
LSHADE,12,20,2049,2944.771244370663
LSHADE,12,20,2050,2938.9390546536533
LSHADE,12,20,2051,2939.093188631235
LSHADE,12,20,2052,2943.3958272838395
LSHADE,12,20,2053,2944.8667820459937
LSHADE,12,20,2054,2942.32887500209
LSHADE,12,20,2055,2953.976400363172
AS-ABMO,4,10,2026,844.0
AS-ABMO,4,10,2027,872.0
AS-ABMO,4,10,2028,838.0
AS-ABMO,4,10,2029,870.0
AS-ABMO,4,10,2030,848.0
AS-ABMO,4,10,2031,826.0
AS-ABMO,4,10,2032,848.0
AS-ABMO,4,10,2033,810.0
AS-ABMO,4,10,2034,866.0
AS-ABMO,4,10,2035,820.0
AS-ABMO,4,10,2036,852.0000000000437
AS-ABMO,4,10,2037,836.0
AS-ABMO,4,10,2038,845.1021527696905
AS-ABMO,4,10,2039,842.0
AS-ABMO,4,10,2040,836.0
AS-ABMO,4,10,2041,844.0
AS-ABMO,4,10,2042,854.0
AS-ABMO,4,10,2043,832.0
AS-ABMO,4,10,2044,842.0
AS-ABMO,4,10,2045,816.0
AS-ABMO,4,10,2046,894.0
AS-ABMO,4,10,2047,852.0000000000008
AS-ABMO,4,10,2048,848.0
AS-ABMO,4,10,2049,864.0
AS-ABMO,4,10,2050,846.0000000000223
AS-ABMO,4,10,2051,858.0
AS-ABMO,4,10,2052,838.0
AS-ABMO,4,10,2053,836.0
AS-ABMO,4,10,2054,842.0000000000001
AS-ABMO,4,10,2055,828.0
AS-ABMO,6,10,2026,13151.474865062024
AS-ABMO,6,10,2027,11760.543500243832
AS-ABMO,6,10,2028,6304.48747548892
AS-ABMO,6,10,2029,9597.927099365334
AS-ABMO,6,10,2030,2350.585186662531
AS-ABMO,6,10,2031,16149.737149827664
AS-ABMO,6,10,2032,7819.081344380138
AS-ABMO,6,10,2033,11518.275201848135
AS-ABMO,6,10,2034,11306.930029938532
AS-ABMO,6,10,2035,25552.64647645103
AS-ABMO,6,10,2036,10278.617642621688
AS-ABMO,6,10,2037,4469.016267598458
AS-ABMO,6,10,2038,11017.95217530792
AS-ABMO,6,10,2039,3086.1452521215065
AS-ABMO,6,10,2040,5769.165340918882
AS-ABMO,6,10,2041,8627.047867408583
AS-ABMO,6,10,2042,11711.693552510424
AS-ABMO,6,10,2043,2068.8976563396764
AS-ABMO,6,10,2044,9456.19381733989
AS-ABMO,6,10,2045,14080.704198099987
AS-ABMO,6,10,2046,5147.424087007499
AS-ABMO,6,10,2047,5860.335714379675
AS-ABMO,6,10,2048,29828.597382599022
AS-ABMO,6,10,2049,3800.4767240201686
AS-ABMO,6,10,2050,4208.258369870747
AS-ABMO,6,10,2051,30502.370608706195
AS-ABMO,6,10,2052,4411.488881711819
AS-ABMO,6,10,2053,17725.968707753836
AS-ABMO,6,10,2054,15058.463180870462
AS-ABMO,6,10,2055,25817.084403143155
AS-ABMO,7,10,2026,2126.6160682976665
AS-ABMO,7,10,2027,2024.3658905287864
AS-ABMO,7,10,2028,2021.03174769646
AS-ABMO,7,10,2029,2002.5496546936083
AS-ABMO,7,10,2030,2025.5094182390076
AS-ABMO,7,10,2031,2022.4899181238104
AS-ABMO,7,10,2032,2024.664164898926
AS-ABMO,7,10,2033,2025.2830388785808
AS-ABMO,7,10,2034,2022.210490035432
AS-ABMO,7,10,2035,2026.060149004429
AS-ABMO,7,10,2036,2020.5227180818176
AS-ABMO,7,10,2037,2021.1174844791196
AS-ABMO,7,10,2038,2028.1260123852712
AS-ABMO,7,10,2039,2020.995836610136
AS-ABMO,7,10,2040,2029.9954566589704
AS-ABMO,7,10,2041,2031.1610584587936
AS-ABMO,7,10,2042,2022.3291578030364
AS-ABMO,7,10,2043,2028.6183062128064
AS-ABMO,7,10,2044,2025.521210136392
AS-ABMO,7,10,2045,2022.232789492379
AS-ABMO,7,10,2046,2033.767991105676
AS-ABMO,7,10,2047,2030.9580185763527
AS-ABMO,7,10,2048,2025.1885621982428
AS-ABMO,7,10,2049,2027.6435153696063
AS-ABMO,7,10,2050,2020.7671673443729
AS-ABMO,7,10,2051,2120.5088732411764
AS-ABMO,7,10,2052,2020.9961009453343
AS-ABMO,7,10,2053,2025.9074779775249
AS-ABMO,7,10,2054,2023.546829088761
AS-ABMO,7,10,2055,2020.282576914444
AS-ABMO,12,10,2026,2865.630329777067
AS-ABMO,12,10,2027,2866.75071956622
AS-ABMO,12,10,2028,2865.7880510251007
AS-ABMO,12,10,2029,2865.943873734568
AS-ABMO,12,10,2030,2871.3513551700757
AS-ABMO,12,10,2031,2871.083438775291
AS-ABMO,12,10,2032,2868.355133508939
AS-ABMO,12,10,2033,2866.447035416704
AS-ABMO,12,10,2034,2870.634481978986
AS-ABMO,12,10,2035,2868.2405816883334
AS-ABMO,12,10,2036,2867.13761413211
AS-ABMO,12,10,2037,2867.079440017764
AS-ABMO,12,10,2038,2865.5785545546146
AS-ABMO,12,10,2039,2866.613478687705
AS-ABMO,12,10,2040,2867.018511267556
AS-ABMO,12,10,2041,2865.95325962788
AS-ABMO,12,10,2042,2868.048868750973
AS-ABMO,12,10,2043,2874.4659048421126
AS-ABMO,12,10,2044,2870.279186939014
AS-ABMO,12,10,2045,2865.9422393563623
AS-ABMO,12,10,2046,2868.8632307999032
AS-ABMO,12,10,2047,2867.4800367630587
AS-ABMO,12,10,2048,2868.3174239505297
AS-ABMO,12,10,2049,2867.242388563599
AS-ABMO,12,10,2050,2864.5667539090005
AS-ABMO,12,10,2051,2870.573099833836
AS-ABMO,12,10,2052,2920.731668813484
AS-ABMO,12,10,2053,2870.2847162515327
AS-ABMO,12,10,2054,2869.7931335941566
AS-ABMO,12,10,2055,2865.427617306677
AS-ABMO,4,20,2026,962.0
AS-ABMO,4,20,2027,898.0
AS-ABMO,4,20,2028,926.0
AS-ABMO,4,20,2029,894.0
AS-ABMO,4,20,2030,870.0
AS-ABMO,4,20,2031,1004.0
AS-ABMO,4,20,2032,1000.0
AS-ABMO,4,20,2033,920.0
AS-ABMO,4,20,2034,922.0
AS-ABMO,4,20,2035,1033.0
AS-ABMO,4,20,2036,956.5
AS-ABMO,4,20,2037,940.0
AS-ABMO,4,20,2038,960.0
AS-ABMO,4,20,2039,880.0
AS-ABMO,4,20,2040,878.0
AS-ABMO,4,20,2041,976.0
AS-ABMO,4,20,2042,904.0
AS-ABMO,4,20,2043,926.0
AS-ABMO,4,20,2044,934.0
AS-ABMO,4,20,2045,956.5
AS-ABMO,4,20,2046,936.0
AS-ABMO,4,20,2047,876.0
AS-ABMO,4,20,2048,908.0
AS-ABMO,4,20,2049,910.0
AS-ABMO,4,20,2050,900.0
AS-ABMO,4,20,2051,884.0
AS-ABMO,4,20,2052,880.0
AS-ABMO,4,20,2053,904.0
AS-ABMO,4,20,2054,868.0
AS-ABMO,4,20,2055,950.0
AS-ABMO,6,20,2026,76541.83044382336
AS-ABMO,6,20,2027,69447.47705233943
AS-ABMO,6,20,2028,90178.7302264342
AS-ABMO,6,20,2029,59445.89319361906
AS-ABMO,6,20,2030,53960.40862745471
AS-ABMO,6,20,2031,25751.824155574825
AS-ABMO,6,20,2032,30601.767023971013
AS-ABMO,6,20,2033,36150.68272029103
AS-ABMO,6,20,2034,45169.82594000704
AS-ABMO,6,20,2035,76806.3750999632
AS-ABMO,6,20,2036,121829.58115124489
AS-ABMO,6,20,2037,34269.300678151034
AS-ABMO,6,20,2038,27664.15673636173
AS-ABMO,6,20,2039,67547.9641200146
AS-ABMO,6,20,2040,26833.14095421077
AS-ABMO,6,20,2041,39047.34185949007
AS-ABMO,6,20,2042,53184.52314503479
AS-ABMO,6,20,2043,36015.6091550783
AS-ABMO,6,20,2044,69875.26067193513
AS-ABMO,6,20,2045,119777.67451218632
AS-ABMO,6,20,2046,31623.057932973465
AS-ABMO,6,20,2047,60308.93165908521
AS-ABMO,6,20,2048,111512.73547215274
AS-ABMO,6,20,2049,19050.78594060319
AS-ABMO,6,20,2050,75380.11753314211
AS-ABMO,6,20,2051,69985.8642566662
AS-ABMO,6,20,2052,79971.9845799542
AS-ABMO,6,20,2053,120002.83066982705
AS-ABMO,6,20,2054,37233.39306902513
AS-ABMO,6,20,2055,53723.04348353726
AS-ABMO,7,20,2026,2040.5998250794305
AS-ABMO,7,20,2027,2057.327238890835
AS-ABMO,7,20,2028,2027.3072775760188
AS-ABMO,7,20,2029,2038.519336013701
AS-ABMO,7,20,2030,2033.922230156257
AS-ABMO,7,20,2031,2029.0832859640527
AS-ABMO,7,20,2032,2094.9078269010715
AS-ABMO,7,20,2033,2036.5395880894805
AS-ABMO,7,20,2034,2106.0323200875096
AS-ABMO,7,20,2035,2098.760243539762
AS-ABMO,7,20,2036,2064.140177562085
AS-ABMO,7,20,2037,2026.515934512993
AS-ABMO,7,20,2038,2035.0126806642272
AS-ABMO,7,20,2039,2028.7945513811767
AS-ABMO,7,20,2040,2057.4197845003414
AS-ABMO,7,20,2041,2046.7917887240317
AS-ABMO,7,20,2042,2041.4717383159093
AS-ABMO,7,20,2043,2044.1650926589937
AS-ABMO,7,20,2044,2022.7003065662093
AS-ABMO,7,20,2045,2045.2133932410536
AS-ABMO,7,20,2046,2044.6482223384344
AS-ABMO,7,20,2047,2022.207926862469
AS-ABMO,7,20,2048,2067.1549337695083
AS-ABMO,7,20,2049,2164.1132612761285
AS-ABMO,7,20,2050,2027.844149795029
AS-ABMO,7,20,2051,2045.7857677027791
AS-ABMO,7,20,2052,2036.5375082686685
AS-ABMO,7,20,2053,2049.3921159985325
AS-ABMO,7,20,2054,2030.617773435286
AS-ABMO,7,20,2055,2058.139556357546
AS-ABMO,12,20,2026,3084.236775823634
AS-ABMO,12,20,2027,2947.0722701640907
AS-ABMO,12,20,2028,2943.36428830168
AS-ABMO,12,20,2029,2949.6506671058987
AS-ABMO,12,20,2030,2972.007177978286
AS-ABMO,12,20,2031,2982.3028598211363
AS-ABMO,12,20,2032,2969.214516168189
AS-ABMO,12,20,2033,2948.276035453201
AS-ABMO,12,20,2034,2982.996124637348
AS-ABMO,12,20,2035,3054.5975712317154
AS-ABMO,12,20,2036,3027.153870653752
AS-ABMO,12,20,2037,2983.666470003175
AS-ABMO,12,20,2038,2983.5008083514363
AS-ABMO,12,20,2039,2972.970570716533
AS-ABMO,12,20,2040,3004.052104826636
AS-ABMO,12,20,2041,2942.2009250713268
AS-ABMO,12,20,2042,2996.10428611266
AS-ABMO,12,20,2043,3004.7124067827503
AS-ABMO,12,20,2044,2970.309484859976
AS-ABMO,12,20,2045,2996.293623138493
AS-ABMO,12,20,2046,3000.798260101391
AS-ABMO,12,20,2047,2954.852299863177
AS-ABMO,12,20,2048,3070.809544354852
AS-ABMO,12,20,2049,2964.727704782149
AS-ABMO,12,20,2050,2978.7711805558083
AS-ABMO,12,20,2051,3001.144327413863
AS-ABMO,12,20,2052,2940.72852411484
AS-ABMO,12,20,2053,2965.676005296443
AS-ABMO,12,20,2054,3051.271297697508
AS-ABMO,12,20,2055,2941.867844378124
