run_id,min_fatigue_life_cycles,mass_kg,series,N_min,rule_x1x3
PRIOR_OPT_light,402295.4153,1.114379599,DoE,,
REF_heavy,577690.0,1.5378,DoE,,
DOE_002,513720.8008,1.403651814,DoE,,
DOE_003,553077.3999,1.471979376,DoE,,
DOE_004,497901.9649,1.366094699,DoE,,
DOE_005,562222.3469,1.472013727,DoE,,
DOE_006,551004.9927,1.427577983,DoE,,
DOE_007,562468.8983,1.422209094,DoE,,
DOE_008,499469.3301,1.299026171,DoE,,
DOE_009,562404.1909,1.461186049,DoE,,
DOE_010,552035.4836,1.417102199,DoE,,
DOE_011,562580.4975,1.423761146,DoE,,
DOE_012,565848.1565,1.442727863,DoE,,
DOE_013,567625.5542,1.484158702,DoE,,
DOE_014,571835.3518,1.483234654,DoE,,
DOE_015,541905.7973,1.420119717,DoE,,
DOE_016,542406.0685,1.404609182,DoE,,
DOE_017,545914.2739,1.425750675,DoE,,
DOE_018,551923.3994,1.457225554,DoE,,
DOE_019,529116.9634,1.362292492,DoE,,
DOE_020,558087.9632,1.453826039,DoE,,
DOE_021,558643.535,1.442443266,DoE,,
DOE_022,532132.6868,1.384746237,DoE,,
DOE_023,533670.675,1.411331787,DoE,,
DOE_024,532327.421,1.397946133,DoE,,
DOE_025,555819.993,1.425815645,DoE,,
DOE_026,531131.9345,1.384584665,DoE,,
DOE_027,543870.7319,1.466900542,DoE,,
DOE_028,533642.1192,1.423099315,DoE,,
DOE_029,564989.2648,1.444152707,DoE,,
DOE_030,509727.7179,1.318840051,DoE,,
DOE_031,500373.8331,1.361623731,DoE,,
DOE_032,489987.7609,1.30655979,DoE,,
DOE_033,518293.5769,1.415562032,DoE,,
DOE_034,519643.0016,1.424997258,DoE,,
DOE_035,551868.1455,1.397745048,DoE,,
DOE_036,560401.9482,1.474747922,DoE,,
DOE_037,498154.5667,1.357735674,DoE,,
DOE_038,553061.9122,1.448111813,DoE,,
DOE_039,541853.6145,1.387110083,DoE,,
DOE_040,544743.682,1.420381917,DoE,,
DOE_041,566360.72,1.472485553,DoE,,
DOE_042,548396.1779,1.445728879,DoE,,
DOE_043,529551.7763,1.412524352,DoE,,
DOE_044,560741.4868,1.429172261,DoE,,
DOE_045,513674.979,1.379140118,DoE,,
DOE_046,493351.7784,1.340186149,DoE,,
DOE_047,550567.3218,1.355181192,DoE,,
DOE_048,519090.5213,1.398020401,DoE,,
DOE_049,557533.5064,1.469841816,DoE,,
DOE_050,524635.1681,1.40186796,DoE,,
DOE_051,544025.7389,1.408953578,DoE,,
DOE_052,510161.0993,1.415317302,DoE,,
DOE_053,547655.2272,1.442908018,DoE,,
DOE_054,572510.1365,1.512574088,DoE,,
DOE_055,573870.4383,1.466714213,DoE,,
DOE_056,561221.8885,1.475452104,DoE,,
DOE_057,535538.1275,1.437237056,DoE,,
DOE_058,562248.2742,1.467421266,DoE,,
DOE_059,503326.697,1.402226724,DoE,,
DOE_060,572002.1256,1.50601045,DoE,,
DOE_061,551277.6627,1.43966211,DoE,,
DOE_062,528210.4411,1.391957252,DoE,,
DOE_063,537042.0551,1.389684537,DoE,,
DOE_064,538452.7875,1.433525095,DoE,,
DOE_065,563529.0023,1.486054233,DoE,,
DOE_066,544980.3163,1.365278172,DoE,,
DOE_067,500749.9901,1.405605299,DoE,,
DOE_068,571356.7459,1.471864832,DoE,,
DOE_069,557123.8528,1.486703559,DoE,,
DOE_070,536322.0949,1.445759157,DoE,,
DOE_071,544129.5807,1.399942023,DoE,,
DOE_072,553654.2069,1.40348864,DoE,,
DOE_073,570022.1048,1.477746664,DoE,,
DOE_074,498641.3478,1.379878738,DoE,,
DOE_075,525130.0071,1.4282913,DoE,,
DOE_076,477574.6032,1.297830726,DoE,,
DOE_077,557188.1299,1.453071751,DoE,,
DOE_078,560025.3416,1.413305115,DoE,,
DOE_079,470029.0516,1.268766472,DoE,,
DOE_080,564039.334,1.478872395,DoE,,
DOE_081,548751.2625,1.43511224,DoE,,
DOE_082,538033.8001,1.43566124,DoE,,
DOE_083,548798.1233,1.445939023,DoE,,
DOE_084,561015.8135,1.431623108,DoE,,
DOE_085,514023.1756,1.348687446,DoE,,
DOE_086,517014.8001,1.329975143,DoE,,
DOE_087,485190.3083,1.353660921,DoE,,
DOE_088,553843.7369,1.394524103,DoE,,
DOE_089,505178.3822,1.377952521,DoE,,
DOE_090,568431.3527,1.480238249,DoE,,
DOE_091,537695.911,1.455862499,DoE,,
DOE_092,537862.9163,1.424127486,DoE,,
DOE_093,539611.5402,1.471234916,DoE,,
DOE_094,543798.1754,1.437924275,DoE,,
DOE_095,552541.6106,1.390243717,DoE,,
DOE_096,496016.3188,1.392238548,DoE,,
DOE_097,550061.9917,1.461466439,DoE,,
DOE_098,560646.7411,1.426477919,DoE,,
DOE_099,547093.8888,1.449066279,DoE,,
DOE_100,539807.3069,1.405130078,DoE,,
DOE_101,567096.4291,1.478642897,DoE,,
DOE_102,563845.2533,1.455098335,DoE,,
DOE_103,530994.2909,1.351121725,DoE,,
DOE_104,464768.0927,1.291349121,DoE,,
DOE_105,512934.5279,1.394283739,DoE,,
DOE_106,469327.6262,1.337183953,DoE,,
DOE_107,516483.5573,1.37034925,DoE,,
DOE_108,529309.1426,1.428558845,DoE,,
DOE_109,557012.4362,1.443639843,DoE,,
DOE_110,560790.8601,1.411566334,DoE,,
DOE_111,558716.4079,1.448720423,DoE,,
DOE_112,489805.0398,1.344835763,DoE,,
DOE_113,548838.112,1.42682573,DoE,,
DOE_114,563922.8509,1.451830992,DoE,,
DOE_115,555979.7355,1.391396243,DoE,,
DOE_116,513103.3626,1.354719267,DoE,,
DOE_117,501612.6436,1.30909034,DoE,,
DOE_118,552434.5735,1.461930794,DoE,,
DOE_119,541088.5601,1.40778878,DoE,,
DOE_120,538690.0467,1.428318678,DoE,,
DOE_121,540909.5419,1.395754799,DoE,,
DOE_122,412191.8689,1.190918775,DoE,,
DOE_123,451603.6731,1.197680259,DoE,,
DOE_124,458462.7769,1.215070147,DoE,,
DOE_125,467891.8508,1.223343209,DoE,,
DOE_126,469589.7424,1.228430015,DoE,,
DOE_127,470471.8308,1.229882621,DoE,,
DOE_128,467410.7857,1.225082496,DoE,,
DOE_129,470684.0021,1.232316995,DoE,,
DOE_130,465413.9837,1.228044139,DoE,,
DOE_131,472170.6649,1.226985688,DoE,,
,402397.89850761386,1.114379628735752,front,0.0,False
,410159.9000009866,1.1244099996548833,front,410159.89999999997,False
,423814.4095837366,1.1424497470246584,front,423814.39090909093,False
,437468.8899834092,1.1605650622414763,front,437468.8818181818,False
,451123.39781184983,1.178685583495844,front,451123.37272727274,False
,464777.870740777,1.196253108450263,front,464777.8636363636,False
,478432.3545476737,1.2130327487851127,front,478432.3545454545,False
,492086.8455841362,1.2288955405254187,front,492086.84545454546,False
,505741.33636563673,1.2439485361238476,front,505741.33636363636,False
,519395.82736882457,1.2581437825229849,front,519395.82727272727,False
,533050.3181845294,1.2711380153788518,front,533050.3181818181,False
,546704.8092629857,1.2976104804719046,front,546704.8090909091,False
,560359.3583077622,1.3437352206789186,front,560359.2999999999,False
,412097.7214066518,1.158640311298317,front,0.0,True
,412097.7214066518,1.158640311298317,front,410159.89999999997,True
,423814.3909386316,1.1614330873716034,front,423814.39090909093,True
,437468.9709944009,1.1762856277947003,front,437468.8818181818,True
,451123.400199033,1.1951964864269435,front,451123.37272727274,True
,464777.9880177298,1.213345702333848,front,464777.8636363636,True
,478432.35454673244,1.230944456517721,front,478432.3545454545,True
,492086.84685258905,1.2481267892260937,front,492086.84545454546,True
,505741.3363668799,1.265073794655925,front,505741.33636363636,True
,519395.82737061335,1.2819731085129051,front,519395.82727272727,True
,533050.3182074694,1.2990247224908538,front,533050.3181818181,True
,546704.8095067326,1.318868672044192,front,546704.8090909091,True
,560359.3126848714,1.349608214026957,front,560359.2999999999,True
