response,variable,S1,S1_lo,S1_hi,ST,ST_lo,ST_hi
mass,x1,0.1732800543592334,0.15312271282401746,0.19449132349765882,0.21559851234561767,0.20402370421507943,0.22709100520933787
mass,x2,0.33902005119663203,0.31246908834557957,0.36566437438980104,0.38240082711890516,0.36333839628787945,0.40138781788850947
mass,x3,0.013500463411447896,0.008402732757754649,0.019013863254577396,0.014891980444546581,0.014118197799754638,0.01562075038887459
mass,x4,0.014889240547747604,0.00918503808951958,0.020038164580262068,0.015901499014222182,0.015129739981222136,0.01671723065243543
mass,x5,0.010755484405336236,0.005458844729301592,0.015844727820272558,0.013656196678055562,0.012805332983993204,0.014472748314013515
mass,x6,0.01995334979504273,0.013744067371739117,0.02627389291499121,0.022844537526031657,0.02160659919257599,0.02406434436969301
mass,x7,0.17233586044417618,0.15277790930835106,0.1903772885808375,0.20889234248689814,0.19745567021011268,0.2214684074627507
mass,x8,0.18393427165332887,0.1655670228968971,0.20339610144243955,0.22147935178974912,0.2092120172025729,0.23346456788585315
stress,x1,0.03701098895141895,0.027335160501688903,0.04713233966616847,0.05122156456167249,0.04817928939808799,0.054839202036937054
stress,x2,0.06598997534750009,0.05366985350461613,0.07841179754235544,0.08881630518853478,0.08319831633184929,0.09445294619725222
stress,x3,0.003102947190984008,-0.0009807332304104812,0.007248046393630421,0.009818609035519845,0.00859419953740123,0.011077900376004476
stress,x4,0.003837775871357006,0.0011259809748427301,0.006818239136044441,0.005306139188798149,0.004932802387646683,0.005709282770553578
stress,x5,0.0006674871468856152,-0.0004601871702642497,0.0017769664067461613,0.0006861318152932598,0.0006532984607208008,0.0007208518029409225
stress,x6,6.829172953733679e-05,-0.00019797977714987194,0.0003579912751178332,4.489718002862363e-05,4.287491717508483e-05,4.715254350609703e-05
stress,x7,0.3223178809778209,0.2954339720048383,0.3488940713618832,0.4009015721520125,0.3776753234648083,0.4236704014441219
stress,x8,0.4767851677290834,0.4462160982773135,0.5066591866581592,0.5594145130369385,0.5301712919653524,0.5896709413663099
defl,x1,0.01157359965845351,0.006033510827478624,0.018129454533756247,0.016619677409462814,0.015557940309774324,0.017814719122915185
defl,x2,0.014232367455804026,0.008256050839161201,0.01988135319770735,0.019877101848107755,0.01860255367628901,0.021135024171106305
defl,x3,-0.00027677751180677916,-0.0015144405933725494,0.000864076513720339,0.0006733173035259702,0.0006194605573378705,0.0007346869058803005
defl,x4,0.00046010559618386626,-0.0007440518802480703,0.0016663018061856337,0.0007693804281836622,0.0007139450889333287,0.0008354276900004004
defl,x5,1.0597971198773676e-05,-0.00012277464467480893,0.00015792087219349327,1.1423654561319201e-05,1.0901183871664122e-05,1.1962435794111921e-05
defl,x6,2.7558632059287202e-05,-0.00016305901541702208,0.00022240836771416367,2.160009075560685e-05,2.0590565647685752e-05,2.266994040918718e-05
defl,x7,0.2755585895036559,0.25314753976836335,0.29846147164561704,0.35178695809298316,0.33275848664820973,0.37191305141711567
defl,x8,0.6212975566343718,0.5891651659117298,0.6583121365651446,0.7003021492316058,0.6702042623830626,0.7330334870548659
freq,x1,0.6314468723661373,0.5954424231782923,0.6731396436827568,0.7896266997148766,0.7454919820189776,0.8270423837586547
freq,x2,0.20559929869515114,0.18102923698833506,0.23063335412935093,0.3640493222263667,0.33898928609841605,0.39014768681166423
freq,x3,5.2566619146428366e-05,-0.0014443046701807594,0.0015264594779306482,0.00113578623995212,0.0010436666488312098,0.0012303491318115466
freq,x4,0.0004981850948027017,-0.0009081339099336427,0.0018816717496462985,0.0011259496032210916,0.0010423345576416358,0.0012088373598398445
freq,x5,0.0005212468382124186,-0.0002626323940939757,0.00135345704404955,0.0005282061150399595,0.0004975784515514171,0.0005630087089645992
freq,x6,0.0012684712749122904,-0.0004153703721642202,0.0029265740218289396,0.0014079193097504732,0.0013168771379333656,0.001498814884947507
freq,x7,0.00290047395887277,2.3731173542447225e-05,0.005533366724730563,0.004148325143637831,0.003836560957780501,0.004524324301503796
freq,x8,0.0014657502129830622,-0.00038615388389469444,0.0034741230997471753,0.0019445135366700076,0.0018228963656184748,0.0020868425353779566
